fecha_hora,segundos,temperatura,meta_temp,humedad,meta_hum,foco,ingreso,humidificador,extractor
2026-09-02 05:55:20,170.1,22.4,22.0,46.3,50.0,0,0,0,0
2026-09-02 05:55:22,172.0,22.4,22.0,46.3,50.0,0,0,0,0
2026-09-02 05:55:24,174.0,22.4,22.0,46.3,50.0,0,0,0,0
2026-09-02 05:55:26,176.1,22.4,22.0,46.2,50.0,0,0,0,0
2026-09-02 05:55:28,178.1,22.4,22.0,46.2,50.0,0,0,0,0
2026-09-02 05:55:30,180.1,22.4,22.0,46.2,50.0,0,0,0,0
2026-09-02 05:55:32,182.1,22.4,22.0,46.2,50.0,0,0,0,0
2026-09-02 05:55:34,184.1,22.4,22.0,46.1,50.0,0,0,0,0
2026-09-02 05:55:36,186.1,22.4,22.0,46.1,50.0,0,0,0,0
2026-09-02 05:55:38,188.1,22.4,22.0,46.1,50.0,0,0,0,0
2026-09-02 05:55:40,190.1,22.4,22.0,46.1,50.0,0,0,0,0
2026-09-02 05:55:42,192.1,22.4,22.0,46.1,50.0,0,0,0,0
2026-09-02 05:55:44,194.1,22.4,22.0,46.1,50.0,0,0,0,0
2026-09-02 05:55:46,196.1,22.3,22.0,46.1,50.0,0,0,0,0
2026-09-02 05:55:48,198.1,22.3,22.0,46.1,50.0,0,0,0,0
2026-09-02 05:55:50,200.1,22.3,22.0,46.1,50.0,0,0,0,0
2026-09-02 05:55:52,202.1,22.3,22.0,46.0,50.0,0,0,0,0
2026-09-02 05:55:54,204.1,22.3,22.0,46.0,50.0,0,0,0,0
2026-09-02 05:55:56,206.2,22.3,22.0,46.0,50.0,0,0,0,0
2026-09-02 05:55:58,208.2,22.3,22.0,46.1,50.0,0,0,0,0
2026-09-02 05:56:00,210.2,22.3,22.0,46.1,50.0,0,0,0,0
2026-09-02 05:56:02,212.2,22.3,22.0,46.1,50.0,0,0,0,0
2026-09-02 05:56:04,214.2,22.3,22.0,46.1,50.0,0,0,0,0
2026-09-02 05:56:06,216.2,22.3,22.0,46.1,50.0,0,0,0,0
2026-09-02 05:56:08,218.2,22.3,22.0,46.1,50.0,0,0,0,0
2026-09-02 05:56:10,220.2,22.3,22.0,46.1,50.0,0,0,0,0
2026-09-02 05:56:12,222.2,22.3,22.0,46.1,50.0,0,0,0,0
2026-09-02 05:56:14,224.2,22.3,22.0,46.1,50.0,0,0,0,0
2026-09-02 05:56:16,226.2,22.3,22.0,46.1,50.0,0,0,0,0
2026-09-02 05:56:18,228.2,22.3,22.0,46.1,50.0,0,0,0,0
2026-09-02 05:56:20,230.2,22.2,22.0,46.1,50.0,0,0,0,0
2026-09-02 05:56:22,232.2,22.2,22.0,46.1,50.0,0,0,0,0
2026-09-02 05:56:24,234.2,22.2,22.0,46.1,50.0,0,0,0,0
2026-09-02 05:56:26,236.2,22.2,22.0,46.1,50.0,0,0,0,0
2026-09-02 05:56:28,238.3,22.2,22.0,46.1,50.0,0,0,0,0
2026-09-02 05:56:30,240.3,22.2,22.0,46.1,50.0,0,0,0,0
2026-09-02 05:56:32,242.3,22.2,22.0,46.1,50.0,0,0,0,0
2026-09-02 05:56:34,244.3,22.2,22.0,46.1,50.0,0,0,0,0
2026-09-02 05:56:36,246.3,22.2,22.0,46.1,50.0,0,0,0,0
2026-09-02 05:56:38,248.3,22.2,22.0,46.1,50.0,0,0,0,0
2026-09-02 05:56:40,250.3,22.2,22.0,46.1,50.0,0,0,0,0
2026-09-02 05:56:42,252.3,22.2,22.0,46.1,50.0,0,0,0,0
2026-09-02 05:56:44,254.3,22.2,22.0,46.1,50.0,0,0,0,0
2026-09-02 05:56:46,256.3,22.1,22.0,46.1,50.0,0,0,0,0
2026-09-02 05:56:48,258.3,22.1,22.0,46.1,50.0,0,0,0,0
2026-09-02 05:56:50,260.3,22.1,22.0,46.1,50.0,0,0,0,0
2026-09-02 05:56:52,262.3,22.1,22.0,46.1,50.0,0,0,0,0
2026-09-02 05:56:54,264.3,22.1,22.0,46.1,50.0,0,0,0,0
2026-09-02 05:56:56,266.3,22.1,22.0,46.1,50.0,0,0,0,0
2026-09-02 05:56:58,268.4,22.1,22.0,46.1,50.0,0,0,0,0
2026-09-02 05:57:00,270.4,22.1,22.0,46.1,50.0,0,0,0,0
2026-09-02 05:57:02,272.4,22.1,22.0,46.1,50.0,0,0,0,0
2026-09-02 05:57:04,274.4,22.1,22.0,46.2,50.0,0,0,0,0
2026-09-02 05:57:06,276.4,22.1,22.0,46.2,50.0,0,0,0,0
2026-09-02 05:57:08,278.4,22.1,22.0,46.2,50.0,0,0,0,0
2026-09-02 05:57:10,280.4,22.0,22.0,46.2,50.0,0,0,0,0
2026-09-02 05:57:12,282.4,22.0,22.0,46.2,50.0,0,0,0,0
2026-09-02 05:57:14,284.4,22.0,22.0,46.2,50.0,0,0,0,0
2026-09-02 05:57:16,286.4,22.0,22.0,46.2,50.0,0,0,0,0
2026-09-02 05:57:18,288.4,22.0,22.0,46.2,50.0,0,0,0,0
2026-09-02 05:57:20,290.4,22.0,22.0,46.2,50.0,0,0,0,0
2026-09-02 05:57:22,292.4,22.0,22.0,46.2,50.0,0,0,0,0
2026-09-02 05:57:24,294.4,22.0,22.0,46.2,50.0,0,0,0,0
2026-09-02 05:57:26,296.4,22.0,22.0,46.2,50.0,0,0,0,0
2026-09-02 05:57:28,298.5,22.0,22.0,46.2,50.0,0,0,0,0
2026-09-02 05:57:30,300.5,22.0,22.0,46.2,50.0,0,0,0,0
2026-09-02 05:57:32,302.5,22.0,22.0,46.2,50.0,0,0,0,0
2026-09-02 05:57:34,304.5,22.0,22.0,46.2,50.0,0,0,0,0
2026-09-02 05:57:36,306.5,21.9,22.0,46.2,50.0,0,0,0,0
2026-09-02 05:57:38,308.5,21.9,22.0,46.3,50.0,0,0,0,0
2026-09-02 05:57:40,310.5,21.9,22.0,46.3,50.0,0,0,0,0
2026-09-02 05:57:42,312.5,21.9,22.0,46.3,50.0,0,0,0,0
2026-09-02 05:57:44,314.5,21.9,22.0,46.3,50.0,0,0,0,0
2026-09-02 05:57:46,316.5,21.9,22.0,46.3,50.0,0,0,0,0
2026-09-02 05:57:48,318.5,21.9,22.0,46.3,50.0,0,0,0,0
2026-09-02 05:57:50,320.5,21.9,22.0,46.4,50.0,0,0,0,0
2026-09-02 05:57:52,322.5,21.9,22.0,46.4,50.0,0,0,0,0
2026-09-02 05:57:54,324.5,21.9,22.0,46.4,50.0,0,0,0,0
2026-09-02 05:57:56,326.5,21.9,22.0,46.4,50.0,0,0,0,0
2026-09-02 05:57:58,328.5,21.9,22.0,46.5,50.0,0,0,0,0
2026-09-02 05:58:00,330.6,21.9,22.0,46.4,50.0,0,0,0,0
2026-09-02 05:58:02,332.6,21.9,22.0,46.5,50.0,0,0,0,0
2026-09-02 05:58:04,334.6,21.8,22.0,46.5,50.0,0,0,0,0
2026-09-02 05:58:06,336.6,21.8,22.0,46.5,50.0,0,0,0,0
2026-09-02 05:58:08,338.6,21.8,22.0,46.5,50.0,0,0,0,0
2026-09-02 05:58:10,340.6,21.8,22.0,46.5,50.0,0,0,0,0
2026-09-02 05:58:12,342.6,21.8,22.0,46.5,50.0,0,0,0,0
2026-09-02 05:58:14,344.6,21.8,22.0,46.5,50.0,0,0,0,0
2026-09-02 05:58:16,346.6,21.8,22.0,46.5,50.0,0,0,0,0
2026-09-02 05:58:18,348.6,21.8,22.0,46.5,50.0,0,0,0,0
2026-09-02 05:58:20,350.6,21.8,22.0,46.5,50.0,0,0,0,0
2026-09-02 05:58:22,352.6,21.8,22.0,46.5,50.0,0,0,0,0
2026-09-02 05:58:24,354.6,21.8,22.0,46.5,50.0,0,0,0,0
2026-09-02 05:58:26,356.6,21.8,22.0,46.5,50.0,0,0,0,0
2026-09-02 05:58:28,358.6,21.8,22.0,46.5,50.0,0,0,0,0
2026-09-02 05:58:30,360.7,21.8,22.0,46.6,50.0,0,0,0,0
2026-09-02 05:58:32,362.7,21.7,22.0,46.6,50.0,0,0,0,0
2026-09-02 05:58:34,364.7,21.7,22.0,46.6,50.0,0,0,0,0
2026-09-02 05:58:36,366.7,21.7,22.0,46.6,50.0,0,0,0,0
2026-09-02 05:58:38,368.7,21.7,22.0,46.6,50.0,0,0,0,0
2026-09-02 05:58:40,370.7,21.7,22.0,46.6,50.0,0,0,0,0
2026-09-02 05:58:42,372.7,21.7,22.0,46.6,50.0,0,0,0,0
2026-09-02 05:58:44,374.7,21.7,22.0,46.6,50.0,0,0,0,0
2026-09-02 05:58:46,376.7,21.7,22.0,46.6,50.0,0,0,0,0
2026-09-02 05:58:48,378.7,21.7,22.0,46.6,50.0,0,0,0,0
2026-09-02 05:58:50,380.7,21.7,22.0,46.6,50.0,0,0,0,0
2026-09-02 05:58:52,382.7,21.7,22.0,46.6,50.0,0,0,0,0
2026-09-02 05:58:54,384.7,21.7,22.0,46.6,50.0,0,0,0,0
2026-09-02 05:58:56,386.7,21.7,22.0,46.6,50.0,0,0,0,0
2026-09-02 05:58:58,388.7,21.7,22.0,46.6,50.0,0,0,0,0
2026-09-02 05:59:00,390.8,21.7,22.0,46.6,50.0,0,0,0,0
2026-09-02 05:59:02,392.8,21.7,22.0,46.6,50.0,0,0,0,0
2026-09-02 05:59:04,394.8,21.6,22.0,46.6,50.0,0,0,0,0
2026-09-02 05:59:06,396.8,21.6,22.0,46.6,50.0,0,0,0,0
2026-09-02 05:59:08,398.8,21.6,22.0,46.5,50.0,0,0,0,0
2026-09-02 05:59:10,400.8,21.6,22.0,46.5,50.0,0,0,0,0
2026-09-02 05:59:12,402.8,21.6,22.0,46.5,50.0,0,0,0,0
2026-09-02 05:59:14,404.8,21.6,22.0,46.5,50.0,0,0,0,0
2026-09-02 05:59:16,406.8,21.6,22.0,46.5,50.0,0,0,0,0
2026-09-02 05:59:18,408.8,21.6,22.0,46.6,50.0,0,0,0,0
2026-09-02 05:59:20,410.8,21.6,22.0,46.5,50.0,0,0,0,0
2026-09-02 05:59:22,412.8,21.6,22.0,46.6,50.0,0,0,0,0
2026-09-02 05:59:24,414.8,21.6,22.0,46.6,50.0,0,0,0,0
2026-09-02 05:59:26,416.8,21.6,22.0,46.6,50.0,0,0,0,0
2026-09-02 05:59:28,418.8,21.6,22.0,46.6,50.0,0,0,0,0
2026-09-02 05:59:30,420.8,21.6,22.0,46.5,50.0,0,0,0,0
2026-09-02 05:59:32,422.9,21.6,22.0,46.5,50.0,0,0,0,0
2026-09-02 05:59:34,424.9,21.6,22.0,46.5,50.0,0,0,0,0
2026-09-02 05:59:36,426.9,21.5,22.0,46.5,50.0,0,0,0,0
2026-09-02 05:59:38,428.9,21.5,22.0,46.5,50.0,0,0,0,0
2026-09-02 05:59:40,430.9,21.5,22.0,46.5,50.0,0,0,0,0
2026-09-02 05:59:42,432.9,21.5,22.0,46.5,50.0,0,0,0,0
2026-09-02 05:59:44,434.9,21.5,22.0,46.5,50.0,0,0,0,0
2026-09-02 05:59:46,436.9,21.5,22.0,46.5,50.0,0,0,0,0
2026-09-02 05:59:48,438.9,21.5,22.0,46.5,50.0,0,0,0,0
2026-09-02 05:59:50,440.9,21.5,22.0,46.5,50.0,0,0,0,0
2026-09-02 05:59:52,442.9,21.5,22.0,46.6,50.0,0,0,0,0
2026-09-02 05:59:55,444.9,21.5,22.0,46.6,50.0,0,0,0,0
2026-09-02 05:59:57,446.9,21.5,22.0,46.5,50.0,0,0,0,0
2026-09-02 05:59:59,448.9,21.5,22.0,46.6,50.0,0,0,0,0
2026-09-02 06:00:01,450.9,21.5,22.0,46.6,50.0,0,0,0,0
2026-09-02 06:00:03,453.0,21.5,22.0,46.6,50.0,0,0,0,0
2026-09-02 06:00:05,455.0,21.5,22.0,46.6,50.0,0,0,0,0
2026-09-02 06:00:07,457.0,21.5,22.0,46.6,50.0,0,0,0,0
2026-09-02 06:00:09,459.0,21.4,22.0,46.6,50.0,0,0,0,0
2026-09-02 06:00:11,461.0,21.4,22.0,46.6,50.0,0,0,0,0
2026-09-02 06:00:13,463.0,21.4,22.0,46.6,50.0,0,0,0,0
2026-09-02 06:00:15,465.0,21.4,22.0,46.6,50.0,0,0,0,0
2026-09-02 06:00:17,467.0,21.4,22.0,46.6,50.0,0,0,0,0
2026-09-02 06:00:19,469.0,21.4,22.0,46.6,50.0,0,0,0,0
2026-09-02 06:00:21,471.0,21.4,22.0,46.6,50.0,0,0,0,0
2026-09-02 06:00:23,473.0,21.4,22.0,46.6,50.0,0,0,0,0
2026-09-02 06:00:25,475.0,21.4,22.0,46.6,50.0,0,0,0,0
2026-09-02 06:00:27,477.0,21.4,22.0,46.6,50.0,0,0,0,0
2026-09-02 06:00:29,479.0,21.4,22.0,46.6,50.0,0,0,0,0
2026-09-02 06:00:31,481.0,21.4,22.0,46.6,50.0,0,0,0,0
2026-09-02 06:00:33,483.0,21.4,22.0,46.6,50.0,0,0,0,0
2026-09-02 06:00:35,485.1,21.4,22.0,46.6,50.0,0,0,0,0
2026-09-02 06:00:37,487.1,21.4,22.0,46.7,50.0,0,0,0,0
2026-09-02 06:00:39,489.1,21.4,22.0,46.7,50.0,0,0,0,0
2026-09-02 06:00:41,491.1,21.4,22.0,46.6,50.0,0,0,0,0
2026-09-02 06:00:43,493.1,21.3,22.0,46.6,50.0,0,0,0,0
2026-09-02 06:00:45,495.1,21.3,22.0,46.7,50.0,0,0,0,0
2026-09-02 06:00:47,497.1,21.3,22.0,46.7,50.0,0,0,0,0
2026-09-02 06:00:49,499.1,21.3,22.0,46.7,50.0,0,0,0,0
2026-09-02 06:00:51,501.1,21.3,22.0,46.7,50.0,0,0,0,0
2026-09-02 06:00:53,503.1,21.3,20.5,46.7,50.0,0,0,0,0
2026-09-02 06:00:55,505.1,21.3,20.5,46.7,50.0,0,0,0,0
2026-09-02 06:00:57,507.1,21.3,20.5,46.7,50.0,0,0,0,0
2026-09-02 06:00:59,509.1,21.3,20.5,46.8,50.0,0,0,0,0
2026-09-02 06:01:01,511.1,21.3,20.5,46.8,50.0,0,0,0,0
2026-09-02 06:01:03,513.1,21.3,20.5,46.8,50.0,0,0,0,0
2026-09-02 06:01:05,515.2,21.3,20.5,46.8,50.0,0,0,0,0
2026-09-02 06:01:07,517.2,21.3,20.5,46.8,50.0,0,0,0,0
2026-09-02 06:01:09,519.2,21.3,20.5,46.8,50.0,0,0,0,0
2026-09-02 06:01:11,521.2,21.3,20.5,46.8,50.0,0,0,0,0
2026-09-02 06:01:13,523.2,21.3,20.5,46.9,50.0,0,0,0,0
2026-09-02 06:01:15,525.2,21.2,20.5,46.8,50.0,0,0,0,0
2026-09-02 06:01:17,527.2,21.2,20.5,46.9,50.0,0,0,0,0
2026-09-02 06:01:19,529.2,21.2,20.5,46.9,50.0,0,0,0,0
2026-09-02 06:01:21,531.2,21.2,20.5,46.9,50.0,0,0,0,0
2026-09-02 06:01:23,533.2,21.2,20.5,46.9,50.0,0,0,0,0
2026-09-02 06:01:25,535.2,21.2,20.5,46.9,50.0,0,0,0,0
2026-09-02 06:01:27,537.2,21.2,20.5,46.9,50.0,0,0,0,0
2026-09-02 06:01:29,539.2,21.2,20.5,46.9,50.0,0,0,0,0
2026-09-02 06:01:31,541.2,21.2,20.5,46.9,50.0,0,0,0,0
2026-09-02 06:01:33,543.2,21.2,20.5,47.0,50.0,0,0,0,0
2026-09-02 06:01:35,545.3,21.2,20.5,47.0,50.0,0,0,0,0
2026-09-02 06:01:37,547.3,21.2,20.5,47.0,50.0,0,0,0,0
2026-09-02 06:01:39,549.3,21.2,20.5,47.0,50.0,0,0,0,0
2026-09-02 06:01:41,551.3,21.2,20.5,47.1,50.0,0,0,0,0
2026-09-02 06:01:43,553.3,21.2,20.5,47.1,50.0,0,0,0,0
2026-09-02 06:01:45,555.3,21.2,20.5,47.1,50.0,0,0,0,0
2026-09-02 06:01:47,557.3,21.2,20.5,47.1,50.0,0,0,0,0
2026-09-02 06:01:49,559.3,21.2,20.5,47.1,50.0,0,0,0,0
2026-09-02 06:01:51,561.3,21.2,20.5,47.1,50.0,0,0,0,0
2026-09-02 06:01:53,563.3,21.1,20.5,47.1,50.0,0,0,0,0
2026-09-02 06:01:55,565.3,21.1,20.5,47.2,50.0,0,0,0,0
2026-09-02 06:01:57,567.3,21.1,20.5,47.2,50.0,0,0,0,0
2026-09-02 06:01:59,569.3,21.1,20.5,47.2,50.0,0,0,0,0
2026-09-02 06:02:01,571.3,21.1,20.5,47.2,50.0,0,0,0,0
2026-09-02 06:02:03,573.3,21.1,20.5,47.2,50.0,0,0,0,0
2026-09-02 06:02:05,575.3,21.1,20.5,47.3,50.0,0,0,0,0
2026-09-02 06:02:07,577.4,21.1,20.5,47.3,50.0,0,0,0,0
2026-09-02 06:02:09,579.4,21.1,20.5,47.3,50.0,0,0,0,0
2026-09-02 06:02:11,581.4,21.1,20.5,47.3,50.0,0,0,0,0
2026-09-02 06:02:13,583.4,21.1,20.5,47.3,50.0,0,0,0,0
2026-09-02 06:02:15,585.4,21.1,20.5,47.3,50.0,0,0,0,0
2026-09-02 06:02:17,587.4,21.1,20.5,47.4,50.0,0,0,0,0
2026-09-02 06:02:19,589.4,21.1,20.5,47.3,50.0,0,0,0,0
2026-09-02 06:02:21,591.4,21.1,20.5,47.3,50.0,0,0,0,0
2026-09-02 06:02:23,593.4,21.1,20.5,47.3,50.0,0,0,0,0
2026-09-02 06:02:25,595.4,21.1,20.5,47.4,50.0,0,0,0,0
2026-09-02 06:02:27,597.4,21.1,20.5,47.4,50.0,0,0,0,0
2026-09-02 06:02:29,599.4,21.1,20.5,47.4,50.0,0,0,0,0
2026-09-02 06:02:31,601.4,21.1,20.5,47.4,50.0,0,0,0,0
2026-09-02 06:02:33,603.4,21.1,20.5,47.4,50.0,0,0,0,0
2026-09-02 06:02:35,605.4,21.1,20.5,47.4,50.0,0,0,0,0
2026-09-02 06:02:37,607.5,21.0,20.5,47.4,50.0,0,0,0,0
2026-09-02 06:02:39,609.5,21.0,20.5,47.4,50.0,0,0,0,0
2026-09-02 06:02:41,611.5,21.0,20.5,47.4,50.0,0,0,0,0
2026-09-02 06:02:43,613.5,21.0,20.5,47.4,50.0,0,0,0,0
2026-09-02 06:02:45,615.5,21.0,20.5,47.4,50.0,0,0,0,0
2026-09-02 06:02:47,617.5,21.0,20.5,47.4,50.0,0,0,0,0
2026-09-02 06:02:49,619.5,21.0,20.5,47.5,50.0,0,0,0,0
2026-09-02 06:02:51,621.5,21.0,20.5,47.5,50.0,0,0,0,0
2026-09-02 06:02:53,623.5,21.0,20.5,47.5,50.0,0,0,0,0
2026-09-02 06:02:55,625.5,21.0,20.5,47.4,50.0,0,0,0,0
2026-09-02 06:02:57,627.5,21.0,20.5,47.4,50.0,0,0,0,0
2026-09-02 06:02:59,629.5,21.0,20.5,47.4,50.0,0,0,0,0
2026-09-02 06:03:01,631.5,21.0,20.5,47.5,50.0,0,0,0,0
2026-09-02 06:03:03,633.5,21.0,20.5,47.5,50.0,0,0,0,0
2026-09-02 06:03:05,635.5,21.0,20.5,47.5,50.0,0,0,0,0
2026-09-02 06:03:07,637.6,21.0,20.5,47.5,50.0,0,0,0,0
2026-09-02 06:03:09,639.6,21.0,20.5,47.5,50.0,0,0,0,0
2026-09-02 06:03:11,641.6,21.0,20.5,47.5,50.0,0,0,0,0
2026-09-02 06:03:13,643.6,21.0,20.5,47.6,50.0,0,0,0,0
2026-09-02 06:03:15,645.6,21.0,20.5,47.6,50.0,0,0,0,0
2026-09-02 06:03:17,647.6,21.0,20.5,47.6,50.0,0,0,0,0
2026-09-02 06:03:19,649.6,21.0,20.5,47.6,50.0,0,0,0,0
2026-09-02 06:03:21,651.6,21.0,20.5,47.6,50.0,0,0,0,0
2026-09-02 06:03:23,653.6,21.0,20.5,47.6,50.0,0,0,0,0
2026-09-02 06:03:25,655.6,20.9,20.5,47.6,50.0,0,0,0,0
2026-09-02 06:03:27,657.6,20.9,20.5,47.6,50.0,0,0,0,0
2026-09-02 06:03:29,659.6,21.0,20.5,47.6,50.0,0,0,0,0
2026-09-02 06:03:31,661.6,21.0,20.5,47.7,50.0,0,0,0,0
2026-09-02 06:03:33,663.6,20.9,20.5,47.7,50.0,0,0,0,0
2026-09-02 06:03:35,665.6,20.9,20.5,47.7,50.0,0,0,0,0
2026-09-02 06:03:37,667.6,20.9,20.5,47.7,50.0,0,0,0,0
2026-09-02 06:03:39,669.7,20.9,20.5,47.7,50.0,0,0,0,0
2026-09-02 06:03:41,671.7,20.9,20.5,47.7,50.0,0,0,0,0
2026-09-02 06:03:43,673.7,20.9,20.5,47.7,50.0,0,0,0,0
2026-09-02 06:03:45,675.7,20.9,20.5,47.7,50.0,0,0,0,0
2026-09-02 06:03:47,677.7,20.9,20.5,47.7,50.0,0,0,0,0
2026-09-02 06:03:49,679.7,20.9,20.5,47.7,50.0,0,0,0,0
2026-09-02 06:03:51,681.7,20.9,20.5,47.7,50.0,0,0,0,0
2026-09-02 06:03:53,683.7,20.9,20.5,47.7,50.0,0,0,0,0
2026-09-02 06:03:55,685.7,20.9,20.5,47.7,50.0,0,0,0,0
2026-09-02 06:03:57,687.7,20.9,20.5,47.7,50.0,0,0,0,0
2026-09-02 06:03:59,689.7,20.9,20.5,47.7,50.0,0,0,0,0
2026-09-02 06:04:01,691.7,20.9,20.5,47.7,50.0,0,0,0,0
2026-09-02 06:04:03,693.7,20.9,20.5,47.7,50.0,0,0,0,0
2026-09-02 06:04:05,695.7,20.9,20.5,47.7,50.0,0,0,0,0
2026-09-02 06:04:07,697.7,20.9,20.5,47.7,50.0,0,0,0,0
2026-09-02 06:04:09,699.8,20.9,20.5,47.7,50.0,0,0,0,0
2026-09-02 06:04:11,701.8,20.9,20.5,47.7,50.0,0,0,0,0
2026-09-02 06:04:13,703.8,20.9,20.5,47.7,50.0,0,0,0,0
2026-09-02 06:04:15,705.8,20.9,20.5,47.7,50.0,0,0,0,0
2026-09-02 06:04:17,707.8,20.9,20.5,47.7,50.0,0,0,0,0
2026-09-02 06:04:19,709.8,20.8,20.5,47.7,50.0,0,0,0,0
2026-09-02 06:04:21,711.8,20.9,20.5,47.8,50.0,0,0,0,0
2026-09-02 06:04:23,713.8,20.9,20.5,47.8,50.0,0,0,0,0
2026-09-02 06:04:25,715.8,20.9,20.5,47.8,50.0,0,0,0,0
2026-09-02 06:04:27,717.8,20.9,20.5,47.8,50.0,0,0,0,0
2026-09-02 06:04:29,719.8,20.8,20.5,47.8,50.0,0,0,0,0
2026-09-02 06:04:31,721.8,20.8,20.5,47.8,50.0,0,0,0,0
2026-09-02 06:04:33,723.8,20.8,20.5,47.8,50.0,0,0,0,0
2026-09-02 06:04:35,725.8,20.8,20.5,47.9,50.0,0,0,0,0
2026-09-02 06:04:37,727.8,20.8,20.5,47.9,50.0,0,0,0,0
2026-09-02 06:04:39,729.9,20.8,20.5,47.9,50.0,0,0,0,0
2026-09-02 06:04:41,731.9,20.8,20.5,47.9,50.0,0,0,0,0
2026-09-02 06:04:43,733.9,20.8,20.5,47.9,50.0,0,0,0,0
2026-09-02 06:04:45,735.9,20.8,20.5,47.9,50.0,0,0,0,0
2026-09-02 06:04:47,737.9,20.8,20.5,47.9,50.0,0,0,0,0
2026-09-02 06:04:49,739.9,20.8,20.5,47.9,50.0,0,0,0,0
2026-09-02 06:04:51,741.9,20.8,20.5,47.9,50.0,0,0,0,0
2026-09-02 06:04:53,743.9,20.8,20.5,47.9,50.0,0,0,0,0
2026-09-02 06:04:55,745.9,20.8,20.5,47.9,50.0,0,0,0,0
2026-09-02 06:04:57,747.9,20.8,20.5,48.0,50.0,0,0,0,0
2026-09-02 06:04:59,749.9,20.8,20.5,48.0,50.0,0,0,0,0
2026-09-02 06:05:01,751.9,20.8,20.5,47.9,50.0,0,0,0,0
2026-09-02 06:05:04,753.9,20.8,20.5,47.9,50.0,0,0,0,0
2026-09-02 06:05:06,755.9,20.8,20.5,48.0,50.0,0,0,0,0
2026-09-02 06:05:08,757.9,20.8,20.5,48.0,50.0,0,0,0,0
2026-09-02 06:05:10,759.9,20.8,20.5,47.9,50.0,0,0,0,0
2026-09-02 06:05:12,762.0,20.8,20.5,47.9,50.0,0,0,0,0
2026-09-02 06:05:14,764.0,20.8,20.5,48.0,50.0,0,0,0,0
2026-09-02 06:05:16,766.0,20.8,20.5,48.0,50.0,0,0,0,0
2026-09-02 06:05:18,768.0,20.8,20.5,47.9,50.0,0,0,0,0
2026-09-02 06:05:20,770.0,20.8,20.5,48.0,50.0,0,0,0,0
2026-09-02 06:05:22,772.0,20.8,20.5,47.9,50.0,0,0,0,0
2026-09-02 06:05:24,774.0,20.8,20.5,48.0,50.0,0,0,0,0
2026-09-02 06:05:26,776.0,20.8,20.5,48.0,50.0,0,0,0,0
2026-09-02 06:05:28,778.0,20.7,20.5,48.0,50.0,0,0,0,0
2026-09-02 06:05:30,780.0,20.7,20.5,48.0,50.0,0,0,0,0
2026-09-02 06:05:32,782.0,20.7,20.5,48.0,50.0,0,0,0,0
2026-09-02 06:05:34,784.0,20.7,20.5,48.0,50.0,0,0,0,0
2026-09-02 06:05:36,786.0,20.7,20.5,47.9,50.0,0,0,0,0
2026-09-02 06:05:38,788.0,20.7,20.5,47.9,50.0,0,0,0,0
2026-09-02 06:05:40,790.0,20.7,20.5,47.9,50.0,0,0,0,0
2026-09-02 06:05:42,792.1,20.7,20.5,47.9,50.0,0,0,0,0
2026-09-02 06:05:44,794.1,20.7,20.5,47.9,50.0,0,0,0,0
2026-09-02 06:05:46,796.1,20.7,20.5,47.8,50.0,0,0,0,0
2026-09-02 06:05:48,798.1,20.7,20.5,47.9,50.0,0,0,0,0
2026-09-02 06:05:50,800.1,20.7,20.5,47.8,50.0,0,0,0,0
2026-09-02 06:05:52,802.1,20.7,20.5,47.9,50.0,0,0,0,0
2026-09-02 06:05:54,804.1,20.7,20.5,47.9,50.0,0,0,0,0
2026-09-02 06:05:56,806.1,20.7,20.5,47.9,50.0,0,0,0,0
2026-09-02 06:05:58,808.1,20.7,20.5,47.9,50.0,0,0,0,0
2026-09-02 06:06:00,810.1,20.7,20.5,47.9,50.0,0,0,0,0
2026-09-02 06:06:02,812.1,20.7,20.5,47.9,50.0,0,0,0,0
2026-09-02 06:06:04,814.1,20.7,20.5,47.9,50.0,0,0,0,0
2026-09-02 06:06:06,816.1,20.7,20.5,47.8,50.0,0,0,0,0
2026-09-02 06:06:08,818.1,20.6,20.5,47.8,50.0,0,0,0,0
2026-09-02 06:06:10,820.1,20.6,20.5,47.8,50.0,0,0,0,0
2026-09-02 06:06:12,822.1,20.6,20.5,47.8,50.0,0,0,0,0
2026-09-02 06:06:14,824.2,20.6,20.5,47.8,50.0,0,0,0,0
2026-09-02 06:06:16,826.2,20.6,20.5,47.8,50.0,0,0,0,0
2026-09-02 06:06:18,828.2,20.6,20.5,47.8,50.0,0,0,0,0
2026-09-02 06:06:20,830.2,20.6,20.5,47.8,50.0,0,0,0,0
2026-09-02 06:06:22,832.2,20.6,20.5,47.8,50.0,0,0,0,0
2026-09-02 06:06:24,834.2,20.6,20.5,47.8,50.0,0,0,0,0
2026-09-02 06:06:26,836.2,20.6,20.5,47.8,50.0,0,0,0,0
2026-09-02 06:06:28,838.2,20.6,20.5,47.8,50.0,0,0,0,0
2026-09-02 06:06:30,840.2,20.6,20.5,47.8,50.0,0,0,0,0
2026-09-02 06:06:32,842.2,20.6,20.5,47.8,50.0,0,0,0,0
2026-09-02 06:06:34,844.2,20.6,20.5,47.8,50.0,0,0,0,0
2026-09-02 06:06:36,846.2,20.6,20.5,47.8,50.0,0,0,0,0
2026-09-02 06:06:38,848.2,20.6,20.5,47.8,50.0,0,0,0,0
2026-09-02 06:06:40,850.2,20.6,20.5,47.8,50.0,0,0,0,0
2026-09-02 06:06:42,852.2,20.6,20.5,47.8,50.0,0,0,0,0
2026-09-02 06:06:44,854.3,20.6,20.5,47.8,50.0,0,0,0,0
2026-09-02 06:06:46,856.3,20.6,20.5,47.7,50.0,0,0,0,0
2026-09-02 06:06:48,858.3,20.6,20.5,47.8,50.0,0,0,0,0
2026-09-02 06:06:50,860.3,20.6,20.5,47.7,50.0,0,0,0,0
2026-09-02 06:06:52,862.3,20.6,20.5,47.8,50.0,0,0,0,0
2026-09-02 06:06:54,864.3,20.6,20.5,47.7,50.0,0,0,0,0
2026-09-02 06:06:56,866.3,20.6,20.5,47.7,50.0,0,0,0,0
2026-09-02 06:06:58,868.3,20.6,20.5,47.8,50.0,0,0,0,0
2026-09-02 06:07:00,870.3,20.6,20.5,47.7,50.0,0,0,0,0
2026-09-02 06:07:02,872.3,20.6,20.5,47.7,50.0,0,0,0,0
2026-09-02 06:07:04,874.3,20.6,20.5,47.7,50.0,0,0,0,0
2026-09-02 06:07:06,876.3,20.6,20.5,47.7,50.0,0,0,0,0
2026-09-02 06:07:08,878.3,20.6,20.5,47.7,50.0,0,0,0,0
2026-09-02 06:07:10,880.3,20.6,20.5,47.7,50.0,0,0,0,0
2026-09-02 06:07:12,882.3,20.5,20.5,47.7,50.0,0,0,0,0
2026-09-02 06:07:14,884.4,20.5,20.5,47.7,50.0,0,0,0,0
2026-09-02 06:07:16,886.4,20.5,20.5,47.7,50.0,0,0,0,0
2026-09-02 06:07:18,888.4,20.5,20.5,47.7,50.0,0,0,0,0
2026-09-02 06:07:20,890.4,20.5,20.5,47.7,50.0,0,0,0,0
2026-09-02 06:07:22,892.4,20.5,20.5,47.7,50.0,0,0,0,0
2026-09-02 06:07:24,894.4,20.5,20.5,47.7,50.0,0,0,0,0
2026-09-02 06:07:26,896.4,20.5,20.5,47.7,50.0,0,0,0,0
2026-09-02 06:07:28,898.4,20.5,20.5,47.7,50.0,0,0,0,0
2026-09-02 06:07:30,900.4,20.5,20.5,47.7,50.0,0,0,0,0
2026-09-02 06:07:32,902.4,20.5,20.5,47.7,50.0,0,0,0,0
2026-09-02 06:07:34,904.4,20.5,20.5,47.7,50.0,0,0,0,0
2026-09-02 06:07:36,906.4,20.5,20.5,47.7,50.0,0,0,0,0
2026-09-02 06:07:38,908.4,20.5,20.5,47.6,50.0,0,0,0,0
2026-09-02 06:07:40,910.4,20.5,20.5,47.6,50.0,0,0,0,0
2026-09-02 06:07:42,912.4,20.5,20.5,47.5,50.0,0,0,0,0
2026-09-02 06:07:44,914.4,20.5,20.5,47.5,50.0,0,0,0,0
2026-09-02 06:07:46,916.5,20.5,20.5,47.5,50.0,0,0,0,0
2026-09-02 06:07:48,918.5,20.5,20.5,47.5,50.0,0,0,0,0
2026-09-02 06:07:50,920.5,20.5,20.5,47.5,50.0,0,0,0,0
2026-09-02 06:07:52,922.5,20.5,20.5,47.5,50.0,0,0,0,0
2026-09-02 06:07:54,924.5,20.5,20.5,47.5,50.0,0,0,0,0
2026-09-02 06:07:56,926.5,20.5,20.5,47.4,50.0,0,0,0,0
2026-09-02 06:07:58,928.5,20.5,20.5,47.4,50.0,0,0,0,0
2026-09-02 06:08:00,930.5,20.5,20.5,47.4,50.0,0,0,0,0
2026-09-02 06:08:02,932.5,20.5,20.5,47.4,50.0,0,0,0,0
2026-09-02 06:08:04,934.5,20.5,20.5,47.4,50.0,0,0,0,0
2026-09-02 06:08:06,936.5,20.5,20.5,47.4,50.0,0,0,0,0
2026-09-02 06:08:08,938.5,20.4,20.5,47.4,50.0,0,0,0,0
2026-09-02 06:08:10,940.5,20.4,20.5,47.4,50.0,0,0,0,0
2026-09-02 06:08:12,942.5,20.4,20.5,47.4,50.0,0,0,0,0
2026-09-02 06:08:14,944.5,20.4,20.5,47.4,50.0,0,0,0,0
2026-09-02 06:08:16,946.6,20.4,20.5,47.3,50.0,0,0,0,0
2026-09-02 06:08:18,948.6,20.4,20.5,47.3,50.0,0,0,0,0
2026-09-02 06:08:20,950.6,20.4,20.5,47.4,50.0,0,0,0,0
2026-09-02 06:08:22,952.6,20.4,20.5,47.4,50.0,0,0,0,0
2026-09-02 06:08:24,954.6,20.4,20.5,47.3,50.0,0,0,0,0
2026-09-02 06:08:26,956.6,20.4,20.5,47.3,50.0,0,0,0,0
2026-09-02 06:08:28,958.6,20.4,20.5,47.4,50.0,0,0,0,0
2026-09-02 06:08:30,960.6,20.4,20.5,47.4,50.0,0,0,0,0
2026-09-02 06:08:32,962.6,20.4,20.5,47.4,50.0,0,0,0,0
2026-09-02 06:08:34,964.6,20.4,20.5,47.4,50.0,0,0,0,0
2026-09-02 06:08:36,966.6,20.4,20.5,47.4,50.0,0,0,0,0
2026-09-02 06:08:38,968.6,20.4,20.5,47.4,50.0,0,0,0,0
2026-09-02 06:08:40,970.6,20.4,20.5,47.4,50.0,0,0,0,0
2026-09-02 06:08:42,972.6,20.4,20.5,47.4,50.0,0,0,0,0
2026-09-02 06:08:44,974.6,20.4,20.5,47.4,50.0,0,0,0,0
2026-09-02 06:08:46,976.7,20.4,20.5,47.4,50.0,0,0,0,0
2026-09-02 06:08:48,978.7,20.4,20.5,47.4,50.0,0,0,0,0
2026-09-02 06:08:50,980.7,20.4,20.5,47.4,50.0,0,0,0,0
2026-09-02 06:08:52,982.7,20.4,20.5,47.4,50.0,0,0,0,0
2026-09-02 06:08:54,984.7,20.4,20.5,47.4,50.0,0,0,0,0
2026-09-02 06:08:56,986.7,20.4,20.5,47.4,50.0,0,0,0,0
2026-09-02 06:08:58,988.7,20.4,20.5,47.4,50.0,0,0,0,0
2026-09-02 06:09:00,990.7,20.4,20.5,47.4,50.0,0,0,0,0
2026-09-02 06:09:02,992.7,20.4,20.5,47.4,50.0,0,0,0,0
2026-09-02 06:09:04,994.7,20.3,20.5,47.4,50.0,0,0,0,0
2026-09-02 06:09:06,996.7,20.3,20.5,47.5,50.0,0,0,0,0
2026-09-02 06:09:08,998.7,20.3,20.5,47.4,50.0,0,0,0,0
2026-09-02 06:09:10,1000.7,20.3,20.5,47.4,50.0,0,0,0,0
2026-09-02 06:09:12,1002.7,20.3,20.5,47.4,50.0,0,0,0,0
2026-09-02 06:09:14,1004.7,20.3,20.5,47.4,50.0,0,0,0,0
2026-09-02 06:09:16,1006.7,20.3,20.5,47.5,50.0,0,0,0,0
2026-09-02 06:09:18,1008.8,20.3,20.5,47.5,50.0,0,0,0,0
2026-09-02 06:09:20,1010.8,20.3,20.5,47.5,50.0,0,0,0,0
2026-09-02 06:09:22,1012.8,20.3,20.5,47.5,50.0,0,0,0,0
2026-09-02 06:09:24,1014.8,20.3,20.5,47.5,50.0,0,0,0,0
2026-09-02 06:09:26,1016.8,20.3,20.5,47.5,50.0,0,0,0,0
2026-09-02 06:09:28,1018.8,20.3,20.5,47.5,50.0,0,0,0,0
2026-09-02 06:09:30,1020.8,20.3,20.5,47.5,50.0,0,0,0,0
2026-09-02 06:09:32,1022.8,20.3,20.5,47.5,50.0,0,0,0,0
2026-09-02 06:09:34,1024.8,20.3,20.5,47.5,50.0,0,0,0,0
2026-09-02 06:09:36,1026.8,20.3,20.5,47.6,50.0,0,0,0,0
2026-09-02 06:09:38,1028.8,20.3,20.5,47.5,50.0,0,0,0,0
2026-09-02 06:09:40,1030.8,20.3,20.5,47.6,50.0,0,0,0,0
2026-09-02 06:09:42,1032.8,20.3,20.5,47.6,50.0,0,0,0,0
2026-09-02 06:09:44,1034.8,20.3,20.5,47.6,50.0,0,0,0,0
2026-09-02 06:09:46,1036.8,20.3,20.5,47.6,50.0,0,0,0,0
2026-09-02 06:09:48,1038.9,20.3,20.5,47.6,50.0,0,0,0,0
2026-09-02 06:09:50,1040.9,20.3,20.5,47.6,50.0,0,0,0,0
2026-09-02 06:09:52,1042.9,20.3,20.5,47.6,50.0,0,0,0,0
2026-09-02 06:09:54,1044.9,20.3,20.5,47.6,50.0,0,0,0,0
2026-09-02 06:09:56,1046.9,20.3,20.5,47.6,50.0,0,0,0,0
2026-09-02 06:09:58,1048.9,20.3,20.5,47.7,50.0,0,0,0,0
2026-09-02 06:10:00,1050.9,20.2,20.5,47.7,50.0,0,0,0,0
2026-09-02 06:10:02,1052.9,20.3,20.5,47.7,50.0,0,0,0,0
2026-09-02 06:10:04,1054.9,20.3,20.5,47.7,50.0,0,0,0,0
2026-09-02 06:10:06,1056.9,20.3,20.5,47.7,50.0,0,0,0,0
2026-09-02 06:10:08,1058.9,20.3,20.5,47.7,50.0,0,0,0,0
2026-09-02 06:10:11,1060.9,20.2,20.5,47.7,50.0,0,0,0,0
2026-09-02 06:10:13,1062.9,20.2,20.5,47.7,50.0,0,0,0,0
2026-09-02 06:10:15,1064.9,20.2,20.5,47.7,50.0,0,0,0,0
2026-09-02 06:10:17,1066.9,20.2,20.5,47.7,50.0,0,0,0,0
2026-09-02 06:10:19,1069.0,20.2,20.5,47.7,50.0,0,0,0,0
2026-09-02 06:10:21,1071.0,20.2,20.5,47.7,50.0,0,0,0,0
2026-09-02 06:10:23,1073.0,20.2,20.5,47.7,50.0,0,0,0,0
2026-09-02 06:10:25,1075.0,20.2,20.5,47.7,50.0,0,0,0,0
2026-09-02 06:10:27,1077.0,20.2,20.5,47.8,50.0,0,0,0,0
2026-09-02 06:10:29,1079.0,20.2,20.5,47.8,50.0,0,0,0,0
2026-09-02 06:10:31,1081.0,20.2,20.5,47.8,50.0,0,0,0,0
2026-09-02 06:10:33,1083.0,20.2,20.5,47.8,50.0,0,0,0,0
2026-09-02 06:10:35,1085.0,20.2,20.5,47.8,50.0,0,0,0,0
2026-09-02 06:10:37,1087.0,20.2,20.5,47.8,50.0,0,0,0,0
2026-09-02 06:10:39,1089.0,20.2,20.5,47.8,50.0,0,0,0,0
2026-09-02 06:10:41,1091.0,20.2,20.5,47.8,50.0,0,0,0,0
2026-09-02 06:10:43,1093.0,20.2,20.5,47.8,50.0,0,0,0,0
2026-09-02 06:10:45,1095.0,20.2,20.5,47.8,50.0,0,0,0,0
2026-09-02 06:10:47,1097.0,20.2,20.5,47.8,50.0,0,0,0,0
2026-09-02 06:10:49,1099.0,20.2,20.5,47.8,50.0,0,0,0,0
2026-09-02 06:10:51,1101.1,20.2,20.5,47.8,50.0,0,0,0,0
2026-09-02 06:10:53,1103.1,20.2,20.5,47.9,50.0,0,0,0,0
2026-09-02 06:10:55,1105.1,20.2,20.5,47.9,50.0,0,0,0,0
2026-09-02 06:10:57,1107.1,20.2,20.5,47.9,50.0,0,0,0,0
2026-09-02 06:10:59,1109.1,20.2,20.5,47.9,50.0,0,0,0,0
2026-09-02 06:11:01,1111.1,20.2,20.5,47.9,50.0,0,0,0,0
2026-09-02 06:11:03,1113.1,20.2,20.5,47.9,50.0,0,0,0,0
2026-09-02 06:11:05,1115.1,20.2,20.5,47.9,50.0,0,0,0,0
2026-09-02 06:11:07,1117.1,20.2,20.5,47.9,50.0,0,0,0,0
2026-09-02 06:11:09,1119.1,20.2,20.5,47.9,50.0,0,0,0,0
2026-09-02 06:11:11,1121.1,20.1,20.5,47.9,50.0,0,0,0,0
2026-09-02 06:11:13,1123.1,20.1,20.5,47.9,50.0,0,0,0,0
2026-09-02 06:11:15,1125.1,20.1,20.5,47.9,50.0,0,0,0,0
2026-09-02 06:11:17,1127.1,20.1,20.5,47.9,50.0,0,0,0,0
2026-09-02 06:11:19,1129.1,20.1,20.5,47.9,50.0,0,0,0,0
2026-09-02 06:11:21,1131.2,20.1,20.5,47.9,50.0,0,0,0,0
2026-09-02 06:11:23,1133.2,20.1,20.5,48.0,50.0,0,0,0,0
2026-09-02 06:11:25,1135.2,20.1,20.5,47.9,50.0,0,0,0,0
2026-09-02 06:11:27,1137.2,20.1,20.5,48.0,50.0,0,0,0,0
2026-09-02 06:11:29,1139.2,20.1,20.5,48.0,50.0,0,0,0,0
2026-09-02 06:11:31,1141.2,20.1,20.5,48.0,50.0,0,0,0,0
2026-09-02 06:11:33,1143.2,20.1,20.5,48.0,50.0,0,0,0,0
2026-09-02 06:11:35,1145.2,20.1,20.5,48.0,50.0,0,0,0,0
2026-09-02 06:11:37,1147.2,20.1,20.5,48.0,50.0,0,0,0,0
2026-09-02 06:11:39,1149.2,20.1,20.5,48.0,50.0,0,0,0,0
2026-09-02 06:11:41,1151.2,20.1,20.5,48.0,50.0,0,0,0,0
2026-09-02 06:11:43,1153.2,20.1,20.5,48.0,50.0,0,0,0,0
2026-09-02 06:11:45,1155.2,20.1,20.5,48.0,50.0,0,0,0,0
2026-09-02 06:11:47,1157.2,20.1,20.5,48.0,50.0,0,0,0,0
2026-09-02 06:11:49,1159.2,20.1,20.5,48.0,50.0,0,0,0,0
2026-09-02 06:11:51,1161.3,20.1,20.5,48.0,50.0,0,0,0,0
2026-09-02 06:11:53,1163.3,20.1,20.5,48.0,50.0,0,0,0,0
2026-09-02 06:11:55,1165.3,20.1,20.5,48.0,50.0,0,0,0,0
2026-09-02 06:11:57,1167.3,20.1,20.5,48.0,50.0,0,0,0,0
2026-09-02 06:11:59,1169.3,20.1,20.5,48.1,50.0,0,0,0,0
2026-09-02 06:12:01,1171.3,20.1,20.5,48.1,50.0,0,0,0,0
2026-09-02 06:12:03,1173.3,20.1,20.5,48.1,50.0,0,0,0,0
2026-09-02 06:12:05,1175.3,20.1,20.5,48.1,50.0,0,0,0,0
2026-09-02 06:12:07,1177.3,20.1,20.5,48.1,50.0,0,0,0,0
2026-09-02 06:12:09,1179.3,20.1,20.5,48.1,50.0,0,0,0,0
2026-09-02 06:12:11,1181.3,20.1,20.5,48.1,50.0,0,0,0,0
2026-09-02 06:12:13,1183.3,20.1,20.5,48.1,50.0,0,0,0,0
2026-09-02 06:12:15,1185.3,20.1,20.5,48.1,50.0,0,0,0,0
2026-09-02 06:12:17,1187.3,20.1,20.5,48.1,50.0,0,0,0,0
2026-09-02 06:12:19,1189.3,20.1,20.5,48.2,50.0,0,0,0,0
2026-09-02 06:12:21,1191.3,20.1,20.5,48.2,50.0,0,0,0,0
2026-09-02 06:12:23,1193.4,20.1,20.5,48.2,50.0,0,0,0,0
2026-09-02 06:12:25,1195.4,20.1,20.5,48.2,50.0,0,0,0,0
2026-09-02 06:12:27,1197.4,20.1,20.5,48.2,50.0,0,0,0,0
2026-09-02 06:12:29,1199.4,20.1,20.5,48.2,50.0,0,0,0,0
2026-09-02 06:12:31,1201.4,20.1,20.5,48.2,50.0,0,0,0,0
2026-09-02 06:12:33,1203.4,20.0,20.5,48.2,50.0,0,0,0,0
2026-09-02 06:12:35,1205.4,20.0,20.5,48.2,50.0,0,0,0,0
2026-09-02 06:12:37,1207.4,20.1,20.5,48.2,50.0,0,0,0,0
2026-09-02 06:12:39,1209.4,20.0,20.5,48.2,50.0,0,0,0,0
2026-09-02 06:12:41,1211.4,20.0,20.5,48.2,50.0,0,0,0,0
2026-09-02 06:12:43,1213.4,20.0,20.5,48.2,50.0,0,0,0,0
2026-09-02 06:12:45,1215.4,20.0,20.5,48.2,50.0,0,0,0,0
2026-09-02 06:12:47,1217.4,20.0,20.5,48.2,50.0,0,0,0,0
2026-09-02 06:12:49,1219.4,20.0,20.5,48.2,50.0,0,0,0,0
2026-09-02 06:12:51,1221.4,20.0,20.5,48.1,50.0,0,0,0,0
2026-09-02 06:12:53,1223.5,20.0,20.5,48.1,50.0,0,0,0,0
2026-09-02 06:12:55,1225.5,20.0,20.5,48.1,50.0,0,0,0,0
2026-09-02 06:12:57,1227.5,20.0,20.5,48.1,50.0,0,0,0,0
2026-09-02 06:12:59,1229.5,20.0,20.5,48.1,50.0,0,0,0,0
2026-09-02 06:13:01,1231.5,20.0,20.5,48.1,50.0,0,0,0,0
2026-09-02 06:13:03,1233.5,20.0,20.5,48.1,50.0,0,0,0,0
2026-09-02 06:13:05,1235.5,20.0,20.5,48.1,50.0,0,0,0,0
2026-09-02 06:13:07,1237.5,20.0,20.5,48.1,50.0,0,0,0,0
2026-09-02 06:13:09,1239.5,20.0,20.5,48.1,50.0,0,0,0,0
2026-09-02 06:13:11,1241.5,20.0,20.5,48.1,50.0,0,0,0,0
2026-09-02 06:13:13,1243.5,20.0,20.5,48.1,50.0,0,0,0,0
2026-09-02 06:13:15,1245.5,20.0,20.5,48.1,50.0,0,0,0,0
2026-09-02 06:13:17,1247.5,20.0,20.5,48.1,50.0,0,0,0,0
2026-09-02 06:13:19,1249.5,20.0,20.5,48.1,50.0,0,0,0,0
2026-09-02 06:13:21,1251.5,20.0,20.5,48.1,50.0,0,0,0,0
2026-09-02 06:13:23,1253.6,20.0,20.5,48.1,50.0,0,0,0,0
2026-09-02 06:13:25,1255.6,20.0,20.5,48.1,50.0,0,0,0,0
2026-09-02 06:13:27,1257.6,20.0,20.5,48.1,50.0,0,0,0,0
2026-09-02 06:13:29,1259.6,20.0,20.5,48.1,50.0,0,0,0,0
2026-09-02 06:13:31,1261.6,20.0,20.5,48.1,50.0,0,0,0,0
2026-09-02 06:13:33,1263.6,20.0,20.5,48.1,50.0,0,0,0,0
2026-09-02 06:13:35,1265.6,20.0,20.5,48.1,50.0,0,0,0,0
2026-09-02 06:13:37,1267.6,20.0,20.5,48.1,50.0,0,0,0,0
2026-09-02 06:13:39,1269.6,20.0,20.5,48.1,50.0,0,0,0,0
2026-09-02 06:13:41,1271.6,20.0,20.5,48.1,50.0,0,0,0,0
2026-09-02 06:13:43,1273.6,20.0,20.5,48.1,50.0,0,0,0,0
2026-09-02 06:13:45,1275.6,20.0,20.5,48.1,50.0,0,0,0,0
2026-09-02 06:13:47,1277.6,20.0,20.5,48.1,50.0,0,0,0,0
2026-09-02 06:13:49,1279.6,20.0,20.5,48.1,50.0,0,0,0,0
2026-09-02 06:13:51,1281.6,20.0,20.5,48.1,50.0,0,0,0,0
2026-09-02 06:13:53,1283.6,19.9,20.5,48.1,50.0,0,0,0,0
2026-09-02 06:13:55,1285.7,20.0,20.5,48.1,50.0,0,0,0,0
2026-09-02 06:13:57,1287.7,19.9,20.5,48.1,50.0,0,0,0,0
2026-09-02 06:13:59,1289.7,19.9,20.5,48.1,50.0,0,0,0,0
2026-09-02 06:14:01,1291.7,20.0,20.5,48.1,50.0,0,0,0,0
2026-09-02 06:14:03,1293.7,19.9,20.5,48.1,50.0,0,0,0,0
2026-09-02 06:14:05,1295.7,19.9,20.5,48.1,50.0,0,0,0,0
2026-09-02 06:14:07,1297.7,19.9,20.5,48.2,50.0,0,0,0,0
2026-09-02 06:14:09,1299.7,19.9,20.5,48.2,50.0,0,0,0,0
2026-09-02 06:14:11,1301.7,19.9,20.5,48.2,50.0,0,0,0,0
2026-09-02 06:14:13,1303.7,19.9,20.5,48.2,50.0,0,0,0,0
2026-09-02 06:14:15,1305.7,19.9,20.5,48.2,50.0,0,0,0,0
2026-09-02 06:14:17,1307.7,19.9,20.5,48.2,50.0,0,0,0,0
2026-09-02 06:14:19,1309.7,19.9,20.5,48.2,50.0,0,0,0,0
2026-09-02 06:14:21,1311.7,19.9,20.5,48.2,50.0,0,0,0,0
2026-09-02 06:14:23,1313.7,19.9,20.5,48.2,50.0,0,0,0,0
2026-09-02 06:14:25,1315.8,19.9,20.5,48.3,50.0,0,0,0,0
2026-09-02 06:14:27,1317.8,19.9,20.5,48.3,50.0,0,0,0,0
2026-09-02 06:14:29,1319.8,19.9,20.5,48.3,50.0,0,0,0,0
2026-09-02 06:14:31,1321.8,19.9,20.5,48.3,50.0,0,0,0,0
2026-09-02 06:14:33,1323.8,19.9,20.5,48.3,50.0,0,0,0,0
2026-09-02 06:14:35,1325.8,19.9,20.5,48.3,50.0,0,0,0,0
2026-09-02 06:14:37,1327.8,19.9,20.5,48.3,50.0,0,0,0,0
2026-09-02 06:14:39,1329.8,19.9,20.5,48.4,50.0,0,0,0,0
2026-09-02 06:14:41,1331.8,19.9,20.5,48.3,50.0,0,0,0,0
2026-09-02 06:14:43,1333.8,19.9,20.5,48.4,50.0,0,0,0,0
2026-09-02 06:14:45,1335.8,19.9,20.5,48.4,50.0,0,0,0,0
2026-09-02 06:14:47,1337.8,19.9,20.5,48.4,50.0,0,0,0,0
2026-09-02 06:14:49,1339.8,19.9,20.5,48.4,50.0,0,0,0,0
2026-09-02 06:14:51,1341.8,19.9,20.5,48.4,50.0,0,0,0,0
2026-09-02 06:14:53,1343.8,19.9,20.5,48.4,50.0,0,0,0,0
2026-09-02 06:14:55,1345.9,19.9,20.5,48.5,50.0,0,0,0,0
2026-09-02 06:14:57,1347.9,19.9,20.5,48.5,50.0,0,0,0,0
2026-09-02 06:14:59,1349.9,19.9,20.5,48.5,50.0,0,0,0,0
2026-09-02 06:15:01,1351.9,19.9,20.5,48.6,50.0,0,0,0,0
2026-09-02 06:15:03,1353.9,19.9,20.5,48.6,50.0,0,0,0,0
2026-09-02 06:15:05,1355.9,19.9,20.5,48.6,50.0,0,0,0,0
2026-09-02 06:15:07,1357.9,19.9,20.5,48.6,50.0,0,0,0,0
2026-09-02 06:15:09,1359.9,19.9,20.5,48.6,50.0,0,0,0,0
2026-09-02 06:15:11,1361.9,19.9,20.5,48.6,50.0,0,0,0,0
2026-09-02 06:15:13,1363.9,19.9,20.5,48.6,50.0,0,0,0,0
2026-09-02 06:15:15,1365.9,19.9,20.5,48.6,50.0,0,0,0,0
2026-09-02 06:15:17,1367.9,19.9,20.5,48.6,50.0,0,0,0,0
2026-09-02 06:15:20,1369.9,19.9,20.5,48.6,50.0,0,0,0,0
2026-09-02 06:15:22,1371.9,19.9,20.5,48.6,50.0,0,0,0,0
2026-09-02 06:15:24,1373.9,19.9,20.5,48.6,50.0,0,0,0,0
2026-09-02 06:15:26,1375.9,19.9,20.5,48.6,50.0,0,0,0,0
2026-09-02 06:15:28,1378.0,19.9,20.5,48.6,50.0,0,0,0,0
2026-09-02 06:15:30,1380.0,19.9,20.5,48.6,50.0,0,0,0,0
2026-09-02 06:15:32,1382.0,19.9,20.5,48.7,50.0,0,0,0,0
2026-09-02 06:15:34,1384.0,19.9,20.5,48.7,50.0,0,0,0,0
2026-09-02 06:15:36,1386.0,19.9,20.5,48.7,50.0,0,0,0,0
2026-09-02 06:15:38,1388.0,19.9,20.5,48.7,50.0,0,0,0,0
2026-09-02 06:15:40,1390.0,19.9,20.5,48.7,50.0,0,0,0,0
2026-09-02 06:15:42,1392.0,19.9,20.5,48.7,50.0,0,0,0,0
2026-09-02 06:15:44,1394.0,19.8,20.5,48.7,50.0,0,0,0,0
2026-09-02 06:15:46,1396.0,19.9,20.5,48.7,50.0,0,0,0,0
2026-09-02 06:15:48,1398.0,19.8,20.5,48.7,50.0,0,0,0,0
2026-09-02 06:15:50,1400.0,19.8,20.5,48.7,50.0,0,0,0,0
2026-09-02 06:15:52,1402.0,19.8,20.5,48.7,50.0,0,0,0,0
2026-09-02 06:15:54,1404.0,19.8,20.5,48.7,50.0,0,0,0,0
2026-09-02 06:15:56,1406.0,19.8,20.5,48.7,50.0,0,0,0,0
2026-09-02 06:15:58,1408.1,19.8,20.5,48.7,50.0,0,0,0,0
2026-09-02 06:16:00,1410.1,19.8,20.5,48.8,50.0,0,0,0,0
2026-09-02 06:16:02,1412.1,19.8,20.5,48.8,50.0,0,0,0,0
2026-09-02 06:16:04,1414.1,19.8,20.5,48.8,50.0,0,0,0,0
2026-09-02 06:16:06,1416.1,19.8,20.5,48.8,50.0,0,0,0,0
2026-09-02 06:16:08,1418.1,19.8,20.5,48.8,50.0,0,0,0,0
2026-09-02 06:16:10,1420.1,19.8,20.5,48.8,50.0,0,0,0,0
2026-09-02 06:16:12,1422.1,19.8,20.5,48.8,50.0,0,0,0,0
2026-09-02 06:16:14,1424.1,19.8,20.5,48.8,50.0,0,0,0,0
2026-09-02 06:16:16,1426.1,19.8,20.5,48.8,50.0,0,0,0,0
2026-09-02 06:16:18,1428.1,19.8,20.5,48.8,50.0,0,0,0,0
2026-09-02 06:16:20,1430.1,19.8,20.5,48.8,50.0,0,0,0,0
2026-09-02 06:16:22,1432.1,19.8,20.5,48.9,50.0,0,0,0,0
2026-09-02 06:16:24,1434.1,19.8,20.5,48.9,50.0,0,0,0,0
2026-09-02 06:16:26,1436.1,19.8,20.5,48.9,50.0,0,0,0,0
2026-09-02 06:16:28,1438.1,19.8,20.5,48.9,50.0,0,0,0,0
2026-09-02 06:16:30,1440.2,19.8,20.5,48.9,50.0,0,0,0,0
2026-09-02 06:16:32,1442.2,19.8,20.5,48.9,50.0,0,0,0,0
2026-09-02 06:16:34,1444.2,19.8,20.5,48.9,50.0,0,0,0,0
2026-09-02 06:16:36,1446.2,19.8,20.5,48.9,50.0,0,0,0,0
2026-09-02 06:16:38,1448.2,19.8,20.5,49.0,50.0,0,0,0,0
2026-09-02 06:16:40,1450.2,19.8,20.5,49.0,50.0,0,0,0,0
2026-09-02 06:16:42,1452.2,19.8,20.5,49.0,50.0,0,0,0,0
2026-09-02 06:16:44,1454.2,19.8,20.5,49.0,50.0,0,0,0,0
2026-09-02 06:16:46,1456.2,19.8,20.5,49.0,50.0,0,0,0,0
2026-09-02 06:16:48,1458.2,19.8,20.5,49.0,50.0,0,0,0,0
2026-09-02 06:16:50,1460.2,19.8,20.5,49.0,50.0,0,0,0,0
2026-09-02 06:16:52,1462.2,19.8,20.5,49.0,50.0,0,0,0,0
2026-09-02 06:16:54,1464.2,19.8,20.5,49.0,50.0,0,0,0,0
2026-09-02 06:16:56,1466.2,19.8,20.5,49.0,50.0,0,0,0,0
2026-09-02 06:16:58,1468.2,19.8,20.5,49.0,50.0,0,0,0,0
2026-09-02 06:17:00,1470.3,19.8,20.5,49.0,50.0,0,0,0,0
2026-09-02 06:17:02,1472.3,19.8,20.5,49.0,50.0,0,0,0,0
2026-09-02 06:17:04,1474.3,19.8,20.5,49.0,50.0,0,0,0,0
2026-09-02 06:17:06,1476.3,19.8,20.5,49.1,50.0,0,0,0,0
2026-09-02 06:17:08,1478.3,19.8,20.5,49.1,50.0,0,0,0,0
2026-09-02 06:17:10,1480.3,19.8,20.5,49.1,50.0,0,0,0,0
2026-09-02 06:17:12,1482.3,19.8,20.5,49.1,50.0,0,0,0,0
2026-09-02 06:17:14,1484.3,19.8,20.5,49.1,50.0,0,0,0,0
2026-09-02 06:17:16,1486.3,19.8,20.5,49.1,50.0,0,0,0,0
2026-09-02 06:17:18,1488.3,19.8,20.5,49.1,50.0,0,0,0,0
2026-09-02 06:17:20,1490.3,19.8,20.5,49.1,50.0,0,0,0,0
2026-09-02 06:17:22,1492.3,19.8,20.5,49.1,50.0,0,0,0,0
2026-09-02 06:17:24,1494.3,19.8,20.5,49.1,50.0,0,0,0,0
2026-09-02 06:17:26,1496.3,19.8,20.5,49.1,50.0,0,0,0,0
2026-09-02 06:17:28,1498.3,19.8,20.5,49.1,50.0,0,0,0,0
2026-09-02 06:17:30,1500.4,19.8,20.5,49.1,50.0,0,0,0,0
2026-09-02 06:17:32,1502.4,19.8,20.5,49.1,50.0,0,0,0,0
2026-09-02 06:17:34,1504.4,19.8,20.5,49.2,50.0,0,0,0,0
2026-09-02 06:17:36,1506.4,19.8,20.5,49.2,50.0,0,0,0,0
2026-09-02 06:17:38,1508.4,19.8,20.5,49.2,50.0,0,0,0,0
2026-09-02 06:17:40,1510.4,19.8,20.5,49.2,50.0,0,0,0,0
2026-09-02 06:17:42,1512.4,19.8,20.5,49.2,50.0,0,0,0,0
2026-09-02 06:17:44,1514.4,19.7,20.5,49.2,50.0,0,0,0,0
2026-09-02 06:17:46,1516.4,19.7,20.5,49.2,50.0,0,0,0,0
2026-09-02 06:17:48,1518.4,19.7,20.5,49.2,50.0,0,0,0,0
2026-09-02 06:17:50,1520.4,19.7,22.0,49.3,50.0,1,0,0,0
2026-09-02 06:17:52,1522.4,19.7,22.0,49.3,50.0,1,0,0,0
2026-09-02 06:17:54,1524.4,19.7,22.0,49.3,50.0,1,0,0,0
2026-09-02 06:17:56,1526.4,19.8,22.0,49.3,50.0,1,0,0,0
2026-09-02 06:17:58,1528.4,19.8,22.0,49.3,50.0,1,0,0,0
2026-09-02 06:18:00,1530.5,19.8,22.0,49.3,50.0,1,0,0,0
2026-09-02 06:18:02,1532.5,19.8,22.0,49.3,50.0,1,0,0,0
2026-09-02 06:18:04,1534.5,19.8,22.0,49.3,50.0,1,0,0,0
2026-09-02 06:18:06,1536.5,19.8,22.0,49.3,50.0,1,0,0,0
2026-09-02 06:18:08,1538.5,19.8,22.0,49.4,50.0,1,0,0,0
2026-09-02 06:18:10,1540.5,19.8,22.0,49.4,50.0,1,0,0,0
2026-09-02 06:18:12,1542.5,19.8,22.0,49.4,50.0,1,0,0,0
2026-09-02 06:18:14,1544.5,19.8,22.0,49.4,50.0,1,0,0,0
2026-09-02 06:18:16,1546.5,19.8,22.0,49.4,50.0,1,0,0,0
2026-09-02 06:18:18,1548.5,19.8,22.0,49.4,50.0,1,0,0,0
2026-09-02 06:18:20,1550.5,19.9,22.0,49.4,50.0,1,0,0,0
2026-09-02 06:18:22,1552.5,19.9,22.0,49.4,50.0,1,0,0,0
2026-09-02 06:18:24,1554.5,19.9,22.0,49.4,50.0,1,0,0,0
2026-09-02 06:18:26,1556.5,19.9,22.0,49.4,50.0,1,0,0,0
2026-09-02 06:18:28,1558.5,19.9,22.0,49.4,50.0,1,0,0,0
2026-09-02 06:18:30,1560.5,19.9,22.0,49.4,50.0,1,0,0,0
2026-09-02 06:18:32,1562.6,19.9,22.0,49.4,50.0,1,0,0,0
2026-09-02 06:18:34,1564.6,19.9,22.0,49.4,50.0,1,0,0,0
2026-09-02 06:18:36,1566.6,19.9,22.0,49.4,50.0,1,0,0,0
2026-09-02 06:18:38,1568.6,19.9,22.0,49.4,50.0,1,0,0,0
2026-09-02 06:18:40,1570.6,19.9,22.0,49.4,50.0,1,0,0,0
2026-09-02 06:18:42,1572.6,19.9,22.0,49.4,50.0,1,0,0,0
2026-09-02 06:18:44,1574.6,20.0,22.0,49.3,50.0,1,0,0,0
2026-09-02 06:18:46,1576.6,20.0,22.0,49.3,50.0,1,0,0,0
2026-09-02 06:18:48,1578.6,20.0,22.0,49.3,50.0,1,0,0,0
2026-09-02 06:18:50,1580.6,20.0,22.0,49.3,50.0,1,0,0,0
2026-09-02 06:18:52,1582.6,20.0,22.0,49.3,50.0,1,0,0,0
2026-09-02 06:18:54,1584.6,20.0,22.0,49.3,50.0,1,0,0,0
2026-09-02 06:18:56,1586.6,20.0,22.0,49.3,50.0,1,0,0,0
2026-09-02 06:18:58,1588.6,20.0,22.0,49.2,50.0,1,0,0,0
2026-09-02 06:19:00,1590.6,20.0,22.0,49.2,50.0,1,0,0,0
2026-09-02 06:19:02,1592.7,20.0,22.0,49.2,50.0,1,0,0,0
2026-09-02 06:19:04,1594.7,20.0,22.0,49.2,50.0,1,0,0,0
2026-09-02 06:19:06,1596.7,20.0,22.0,49.2,50.0,1,0,0,0
2026-09-02 06:19:08,1598.7,20.1,22.0,49.2,50.0,1,0,0,0
2026-09-02 06:19:10,1600.7,20.1,22.0,49.2,50.0,1,0,0,0
2026-09-02 06:19:12,1602.7,20.1,22.0,49.2,50.0,1,0,0,0
2026-09-02 06:19:14,1604.7,20.1,22.0,49.2,50.0,1,0,0,0
2026-09-02 06:19:16,1606.7,20.1,22.0,49.1,50.0,1,0,0,0
2026-09-02 06:19:18,1608.7,20.1,22.0,49.1,50.0,1,0,0,0
2026-09-02 06:19:20,1610.7,20.1,22.0,49.1,50.0,1,0,0,0
2026-09-02 06:19:22,1612.7,20.1,22.0,49.1,50.0,1,0,0,0
2026-09-02 06:19:24,1614.7,20.1,22.0,49.1,50.0,1,0,0,0
2026-09-02 06:19:26,1616.7,20.1,22.0,49.1,50.0,1,0,0,0
2026-09-02 06:19:28,1618.7,20.1,22.0,49.1,50.0,1,0,0,0
2026-09-02 06:19:30,1620.7,20.1,22.0,49.1,50.0,1,0,0,0
2026-09-02 06:19:32,1622.7,20.2,22.0,49.1,50.0,1,0,0,0
2026-09-02 06:19:34,1624.8,20.2,22.0,49.1,50.0,1,0,0,0
2026-09-02 06:19:36,1626.8,20.2,22.0,49.1,50.0,1,0,0,0
2026-09-02 06:19:38,1628.8,20.2,22.0,49.0,50.0,1,0,0,0
2026-09-02 06:19:40,1630.8,20.2,22.0,49.0,50.0,1,0,0,0
2026-09-02 06:19:42,1632.8,20.2,22.0,49.0,50.0,1,0,0,0
2026-09-02 06:19:44,1634.8,20.2,22.0,49.0,50.0,1,0,0,0
2026-09-02 06:19:46,1636.8,20.2,22.0,49.0,50.0,1,0,0,0
2026-09-02 06:19:48,1638.8,20.2,22.0,49.0,50.0,1,0,0,0
2026-09-02 06:19:50,1640.8,20.2,22.0,48.9,50.0,1,0,0,0
2026-09-02 06:19:52,1642.8,20.2,22.0,48.9,50.0,1,0,0,0
2026-09-02 06:19:54,1644.8,20.3,22.0,48.9,50.0,1,0,0,0
2026-09-02 06:19:56,1646.8,20.3,22.0,48.9,50.0,1,0,0,0
2026-09-02 06:19:58,1648.8,20.3,22.0,48.9,50.0,1,0,0,0
2026-09-02 06:20:00,1650.8,20.3,22.0,48.9,50.0,1,0,0,0
2026-09-02 06:20:02,1652.8,20.3,22.0,48.9,50.0,1,0,0,0
2026-09-02 06:20:04,1654.9,20.3,22.0,48.8,50.0,1,0,0,0
2026-09-02 06:20:06,1656.9,20.3,22.0,48.8,50.0,1,0,0,0
2026-09-02 06:20:08,1658.9,20.3,22.0,48.8,50.0,1,0,0,0
2026-09-02 06:20:10,1660.9,20.3,22.0,48.8,50.0,1,0,0,0
2026-09-02 06:20:12,1662.9,20.3,22.0,48.8,50.0,1,0,0,0
2026-09-02 06:20:14,1664.9,20.3,22.0,48.8,50.0,1,0,0,0
2026-09-02 06:20:16,1666.9,20.3,22.0,48.8,50.0,1,0,0,0
2026-09-02 06:20:18,1668.9,20.4,22.0,48.8,50.0,1,0,0,0
2026-09-02 06:20:20,1670.9,20.4,22.0,48.8,50.0,1,0,0,0
2026-09-02 06:20:22,1672.9,20.4,22.0,48.7,50.0,1,0,0,0
2026-09-02 06:20:24,1674.9,20.4,22.0,48.7,50.0,1,0,0,0
2026-09-02 06:20:27,1676.9,20.4,22.0,48.7,50.0,1,0,0,0
2026-09-02 06:20:29,1678.9,20.4,22.0,48.7,50.0,1,0,0,0
2026-09-02 06:20:31,1680.9,20.4,22.0,48.7,50.0,1,0,0,0
2026-09-02 06:20:33,1682.9,20.4,22.0,48.7,50.0,1,0,0,0
2026-09-02 06:20:35,1685.0,20.4,22.0,48.7,50.0,1,0,0,0
2026-09-02 06:20:37,1687.0,20.4,22.0,48.7,50.0,1,0,0,0
2026-09-02 06:20:39,1689.0,20.4,22.0,48.7,50.0,1,0,0,0
2026-09-02 06:20:41,1691.0,20.4,22.0,48.7,50.0,1,0,0,0
2026-09-02 06:20:43,1693.0,20.5,22.0,48.7,50.0,1,0,0,0
2026-09-02 06:20:45,1695.0,20.4,22.0,48.7,50.0,1,0,0,0
2026-09-02 06:20:47,1697.0,20.5,22.0,48.7,50.0,1,0,0,0
2026-09-02 06:20:49,1699.0,20.5,22.0,48.7,50.0,1,0,0,0
2026-09-02 06:20:51,1701.0,20.5,22.0,48.6,50.0,1,0,0,0
2026-09-02 06:20:53,1703.0,20.5,22.0,48.6,50.0,1,0,0,0
2026-09-02 06:20:55,1705.0,20.5,22.0,48.6,50.0,1,0,0,0
2026-09-02 06:20:57,1707.0,20.5,22.0,48.6,50.0,1,0,0,0
2026-09-02 06:20:59,1709.0,20.5,22.0,48.6,50.0,1,0,0,0
2026-09-02 06:21:01,1711.0,20.5,22.0,48.6,50.0,1,0,0,0
2026-09-02 06:21:03,1713.0,20.5,22.0,48.6,50.0,1,0,0,0
2026-09-02 06:21:05,1715.0,20.5,22.0,48.6,50.0,1,0,0,0
2026-09-02 06:21:07,1717.1,20.5,22.0,48.6,50.0,1,0,0,0
2026-09-02 06:21:09,1719.1,20.5,22.0,48.6,50.0,1,0,0,0
2026-09-02 06:21:11,1721.1,20.6,22.0,48.6,50.0,1,0,0,0
2026-09-02 06:21:13,1723.1,20.6,22.0,48.6,50.0,1,0,0,0
2026-09-02 06:21:15,1725.1,20.6,22.0,48.6,50.0,1,0,0,0
2026-09-02 06:21:17,1727.1,20.6,22.0,48.6,50.0,1,0,0,0
2026-09-02 06:21:19,1729.1,20.6,22.0,48.6,50.0,1,0,0,0
2026-09-02 06:21:21,1731.1,20.6,22.0,48.5,50.0,1,0,0,0
2026-09-02 06:21:23,1733.1,20.6,22.0,48.5,50.0,1,0,0,0
2026-09-02 06:21:25,1735.1,20.6,22.0,48.5,50.0,1,0,0,0
2026-09-02 06:21:27,1737.1,20.6,22.0,48.5,50.0,1,0,0,0
2026-09-02 06:21:29,1739.1,20.6,22.0,48.5,50.0,1,0,0,0
2026-09-02 06:21:31,1741.1,20.6,22.0,48.5,50.0,1,0,0,0
2026-09-02 06:21:33,1743.1,20.6,22.0,48.5,50.0,1,0,0,0
2026-09-02 06:21:35,1745.1,20.6,22.0,48.5,50.0,1,0,0,0
2026-09-02 06:21:37,1747.2,20.7,22.0,48.5,50.0,1,0,0,0
2026-09-02 06:21:39,1749.2,20.7,22.0,48.5,50.0,1,0,0,0
2026-09-02 06:21:41,1751.2,20.7,22.0,48.5,50.0,1,0,0,0
2026-09-02 06:21:43,1753.2,20.7,22.0,48.4,50.0,1,0,0,0
2026-09-02 06:21:45,1755.2,20.7,22.0,48.4,50.0,1,0,0,0
2026-09-02 06:21:47,1757.2,20.7,22.0,48.4,50.0,1,0,0,0
2026-09-02 06:21:49,1759.2,20.7,22.0,48.4,50.0,1,0,0,0
2026-09-02 06:21:51,1761.2,20.7,22.0,48.4,50.0,1,0,0,0
2026-09-02 06:21:53,1763.2,20.7,22.0,48.4,50.0,1,0,0,0
2026-09-02 06:21:55,1765.2,20.7,22.0,48.4,50.0,1,0,0,0
2026-09-02 06:21:57,1767.2,20.7,22.0,48.4,50.0,1,0,0,0
2026-09-02 06:21:59,1769.2,20.7,22.0,48.4,50.0,1,0,0,0
2026-09-02 06:22:01,1771.2,20.7,22.0,48.4,50.0,1,0,0,0
2026-09-02 06:22:03,1773.2,20.8,22.0,48.4,50.0,1,0,0,0
2026-09-02 06:22:05,1775.2,20.8,22.0,48.4,50.0,1,0,0,0
2026-09-02 06:22:07,1777.3,20.8,22.0,48.4,50.0,1,0,0,0
2026-09-02 06:22:09,1779.3,20.8,22.0,48.4,50.0,1,0,0,0
2026-09-02 06:22:11,1781.3,20.8,22.0,48.4,50.0,1,0,0,0
2026-09-02 06:22:13,1783.3,20.8,22.0,48.4,50.0,1,0,0,0
2026-09-02 06:22:15,1785.3,20.8,22.0,48.4,50.0,1,0,0,0
2026-09-02 06:22:17,1787.3,20.8,22.0,48.4,50.0,1,0,0,0
2026-09-02 06:22:19,1789.3,20.8,22.0,48.4,50.0,1,0,0,0
2026-09-02 06:22:21,1791.3,20.8,22.0,48.4,50.0,1,0,0,0
2026-09-02 06:22:23,1793.3,20.8,22.0,48.3,50.0,1,0,0,0
2026-09-02 06:22:25,1795.3,20.9,22.0,48.3,50.0,1,0,0,0
2026-09-02 06:22:27,1797.3,20.8,22.0,48.3,50.0,1,0,0,0
2026-09-02 06:22:29,1799.3,20.9,22.0,48.3,50.0,1,0,0,0
2026-09-02 06:22:31,1801.3,20.9,22.0,48.3,50.0,1,0,0,0
2026-09-02 06:22:33,1803.3,20.9,22.0,48.3,50.0,1,0,0,0
2026-09-02 06:22:35,1805.3,20.9,22.0,48.3,50.0,1,0,0,0
2026-09-02 06:22:37,1807.3,20.9,22.0,48.3,50.0,1,0,0,0
2026-09-02 06:22:39,1809.4,20.9,22.0,48.3,50.0,1,0,0,0
2026-09-02 06:22:41,1811.4,20.9,22.0,48.2,50.0,1,0,0,0
2026-09-02 06:22:43,1813.4,20.9,22.0,48.3,50.0,1,0,0,0
2026-09-02 06:22:45,1815.4,20.9,22.0,48.2,50.0,1,0,0,0
2026-09-02 06:22:47,1817.4,20.9,22.0,48.2,50.0,1,0,0,0
2026-09-02 06:22:49,1819.4,20.9,22.0,48.2,50.0,1,0,0,0
2026-09-02 06:22:51,1821.4,20.9,22.0,48.2,50.0,1,0,0,0
2026-09-02 06:22:53,1823.4,20.9,22.0,48.2,50.0,1,0,0,0
2026-09-02 06:22:55,1825.4,20.9,22.0,48.2,50.0,1,0,0,0
2026-09-02 06:22:57,1827.4,21.0,22.0,48.2,50.0,1,0,0,0
2026-09-02 06:22:59,1829.4,21.0,22.0,48.2,50.0,1,0,0,0
2026-09-02 06:23:01,1831.4,21.0,22.0,48.2,50.0,1,0,0,0
2026-09-02 06:23:03,1833.4,21.0,22.0,48.2,50.0,1,0,0,0
2026-09-02 06:23:05,1835.4,21.0,22.0,48.2,50.0,1,0,0,0
2026-09-02 06:23:07,1837.4,21.0,22.0,48.2,50.0,1,0,0,0
2026-09-02 06:23:09,1839.5,21.0,22.0,48.1,50.0,1,0,0,0
2026-09-02 06:23:11,1841.5,21.0,22.0,48.2,50.0,1,0,0,0
2026-09-02 06:23:13,1843.5,21.0,22.0,48.2,50.0,1,0,0,0
2026-09-02 06:23:15,1845.5,21.0,22.0,48.1,50.0,1,0,0,0
2026-09-02 06:23:17,1847.5,21.0,22.0,48.1,50.0,1,0,0,0
2026-09-02 06:23:19,1849.5,21.0,22.0,48.1,50.0,1,0,0,0
2026-09-02 06:23:21,1851.5,21.0,22.0,48.1,50.0,1,0,0,0
2026-09-02 06:23:23,1853.5,21.0,22.0,48.1,50.0,1,0,0,0
2026-09-02 06:23:25,1855.5,21.0,22.0,48.1,50.0,1,0,0,0
2026-09-02 06:23:27,1857.5,21.0,22.0,48.1,50.0,1,0,0,0
2026-09-02 06:23:29,1859.5,21.1,22.0,48.1,50.0,1,0,0,0
2026-09-02 06:23:31,1861.5,21.1,22.0,48.1,50.0,1,0,0,0
2026-09-02 06:23:33,1863.5,21.1,22.0,48.1,50.0,1,0,0,0
2026-09-02 06:23:35,1865.5,21.1,22.0,48.1,50.0,1,0,0,0
2026-09-02 06:23:37,1867.5,21.1,22.0,48.1,50.0,1,0,0,0
2026-09-02 06:23:39,1869.6,21.1,22.0,48.1,50.0,1,0,0,0
2026-09-02 06:23:41,1871.6,21.1,22.0,48.1,50.0,1,0,0,0
2026-09-02 06:23:43,1873.6,21.1,22.0,48.1,50.0,1,0,0,0
2026-09-02 06:23:45,1875.6,21.1,22.0,48.1,50.0,1,0,0,0
2026-09-02 06:23:47,1877.6,21.1,22.0,48.1,50.0,1,0,0,0
2026-09-02 06:23:49,1879.6,21.1,22.0,48.0,50.0,1,0,0,0
2026-09-02 06:23:51,1881.6,21.1,22.0,48.0,50.0,1,0,0,0
2026-09-02 06:23:53,1883.6,21.1,22.0,48.0,50.0,1,0,0,0
2026-09-02 06:23:55,1885.6,21.1,22.0,48.0,50.0,1,0,0,0
2026-09-02 06:23:57,1887.6,21.1,22.0,48.0,50.0,1,0,0,0
2026-09-02 06:23:59,1889.6,21.1,22.0,48.0,50.0,1,0,0,0
2026-09-02 06:24:01,1891.6,21.2,22.0,48.0,50.0,1,0,0,0
2026-09-02 06:24:03,1893.6,21.2,22.0,48.0,50.0,1,0,0,0
2026-09-02 06:24:05,1895.6,21.2,22.0,48.0,50.0,1,0,0,0
2026-09-02 06:24:07,1897.6,21.2,22.0,48.0,50.0,1,0,0,0
2026-09-02 06:24:09,1899.6,21.2,22.0,48.0,50.0,1,0,0,0
2026-09-02 06:24:11,1901.7,21.2,22.0,48.0,50.0,1,0,0,0
2026-09-02 06:24:13,1903.7,21.2,22.0,48.0,50.0,1,0,0,0
2026-09-02 06:24:15,1905.7,21.2,22.0,48.0,50.0,1,0,0,0
2026-09-02 06:24:17,1907.7,21.2,22.0,47.9,50.0,1,0,0,0
2026-09-02 06:24:19,1909.7,21.2,22.0,48.0,50.0,1,0,0,0
2026-09-02 06:24:21,1911.7,21.2,22.0,47.9,50.0,1,0,0,0
2026-09-02 06:24:23,1913.7,21.2,22.0,47.9,50.0,1,0,0,0
2026-09-02 06:24:25,1915.7,21.2,22.0,47.9,50.0,1,0,0,0
2026-09-02 06:24:27,1917.7,21.3,22.0,47.9,50.0,1,0,0,0
2026-09-02 06:24:29,1919.7,21.2,22.0,47.9,50.0,1,0,0,0
2026-09-02 06:24:31,1921.7,21.3,22.0,47.9,50.0,1,0,0,0
2026-09-02 06:24:33,1923.7,21.3,22.0,47.9,50.0,1,0,0,0
2026-09-02 06:24:35,1925.7,21.3,22.0,47.9,50.0,1,0,0,0
2026-09-02 06:24:37,1927.7,21.3,22.0,47.9,50.0,1,0,0,0
2026-09-02 06:24:39,1929.7,21.3,22.0,47.9,50.0,1,0,0,0
2026-09-02 06:24:41,1931.8,21.3,22.0,47.9,50.0,1,0,0,0
2026-09-02 06:24:43,1933.8,21.3,22.0,47.9,50.0,1,0,0,0
2026-09-02 06:24:45,1935.8,21.3,22.0,47.9,50.0,1,0,0,0
2026-09-02 06:24:47,1937.8,21.3,22.0,47.9,50.0,1,0,0,0
2026-09-02 06:24:49,1939.8,21.3,22.0,47.9,50.0,1,0,0,0
2026-09-02 06:24:51,1941.8,21.3,22.0,47.9,50.0,1,0,0,0
2026-09-02 06:24:53,1943.8,21.3,22.0,47.9,50.0,1,0,0,0
2026-09-02 06:24:55,1945.8,21.3,22.0,47.9,50.0,1,0,0,0
2026-09-02 06:24:57,1947.8,21.3,22.0,47.9,50.0,1,0,0,0
2026-09-02 06:24:59,1949.8,21.3,22.0,47.9,50.0,1,0,0,0
2026-09-02 06:25:01,1951.8,21.3,22.0,47.9,50.0,1,0,0,0
2026-09-02 06:25:03,1953.8,21.3,22.0,47.9,50.0,1,0,0,0
2026-09-02 06:25:05,1955.8,21.4,22.0,47.9,50.0,1,0,0,0
2026-09-02 06:25:07,1957.8,21.4,22.0,47.9,50.0,1,0,0,0
2026-09-02 06:25:09,1959.8,21.4,22.0,47.9,50.0,1,0,0,0
2026-09-02 06:25:11,1961.9,21.4,22.0,47.9,50.0,1,0,0,0
2026-09-02 06:25:13,1963.9,21.4,22.0,47.9,50.0,1,0,0,0
2026-09-02 06:25:15,1965.9,21.4,22.0,47.9,50.0,1,0,0,0
2026-09-02 06:25:17,1967.9,21.4,22.0,47.9,50.0,1,0,0,0
2026-09-02 06:25:19,1969.9,21.4,22.0,47.9,50.0,1,0,0,0
2026-09-02 06:25:21,1971.9,21.4,22.0,47.9,50.0,1,0,0,0
2026-09-02 06:25:23,1973.9,21.4,22.0,47.8,50.0,1,0,0,0
2026-09-02 06:25:25,1975.9,21.4,22.0,47.8,50.0,1,0,0,0
2026-09-02 06:25:27,1977.9,21.4,22.0,47.8,50.0,1,0,0,0
2026-09-02 06:25:29,1979.9,21.4,22.0,47.8,50.0,1,0,0,0
2026-09-02 06:25:31,1981.9,21.4,22.0,47.8,50.0,1,0,0,0
2026-09-02 06:25:33,1983.9,21.4,22.0,47.8,50.0,1,0,0,0
2026-09-02 06:25:36,1985.9,21.4,22.0,47.8,50.0,1,0,0,0
2026-09-02 06:25:38,1987.9,21.5,22.0,47.8,50.0,1,0,0,0
2026-09-02 06:25:40,1989.9,21.5,22.0,47.8,50.0,1,0,0,0
2026-09-02 06:25:42,1991.9,21.5,22.0,47.8,50.0,1,0,0,0
2026-09-02 06:25:44,1994.0,21.5,22.0,47.8,50.0,1,0,0,0
2026-09-02 06:25:46,1996.0,21.5,22.0,47.8,50.0,1,0,0,0
2026-09-02 06:25:48,1998.0,21.5,22.0,47.8,50.0,1,0,0,0
2026-09-02 06:25:50,2000.0,21.5,22.0,47.9,50.0,1,0,0,0
2026-09-02 06:25:52,2002.0,21.5,22.0,47.8,50.0,1,0,0,0
2026-09-02 06:25:54,2004.0,21.5,22.0,47.8,50.0,1,0,0,0
2026-09-02 06:25:56,2006.0,21.5,22.0,47.8,50.0,1,0,0,0
2026-09-02 06:25:58,2008.0,21.5,22.0,47.8,50.0,1,0,0,0
2026-09-02 06:26:00,2010.0,21.5,22.0,47.8,50.0,1,0,0,0
2026-09-02 06:26:02,2012.0,21.5,22.0,47.8,50.0,1,0,0,0
2026-09-02 06:26:04,2014.0,21.5,22.0,47.8,50.0,1,0,0,0
2026-09-02 06:26:06,2016.0,21.5,22.0,47.8,50.0,1,0,0,0
2026-09-02 06:26:08,2018.0,21.5,22.0,47.8,50.0,1,0,0,0
2026-09-02 06:26:10,2020.0,21.5,22.0,47.8,50.0,1,0,0,0
2026-09-02 06:26:12,2022.0,21.5,22.0,47.8,50.0,1,0,0,0
2026-09-02 06:26:14,2024.1,21.5,22.0,47.8,50.0,1,0,0,0
2026-09-02 06:26:16,2026.1,21.5,22.0,47.8,50.0,1,0,0,0
2026-09-02 06:26:18,2028.1,21.6,22.0,47.8,50.0,1,0,0,0
2026-09-02 06:26:20,2030.1,21.6,22.0,47.8,50.0,1,0,0,0
2026-09-02 06:26:22,2032.1,21.6,22.0,47.8,50.0,1,0,0,0
2026-09-02 06:26:24,2034.1,21.6,22.0,47.8,50.0,1,0,0,0
2026-09-02 06:26:26,2036.1,21.6,22.0,47.8,50.0,1,0,0,0
2026-09-02 06:26:28,2038.1,21.6,22.0,47.8,50.0,1,0,0,0
2026-09-02 06:26:30,2040.1,21.6,22.0,47.8,50.0,1,0,0,0
2026-09-02 06:26:32,2042.1,21.6,22.0,47.8,50.0,1,0,0,0
2026-09-02 06:26:34,2044.1,21.6,22.0,47.8,50.0,1,0,0,0
2026-09-02 06:26:36,2046.1,21.6,22.0,47.8,50.0,1,0,0,0
2026-09-02 06:26:38,2048.1,21.6,22.0,47.8,50.0,1,0,0,0
2026-09-02 06:26:40,2050.1,21.6,22.0,47.8,50.0,1,0,0,0
2026-09-02 06:26:42,2052.1,21.6,22.0,47.8,50.0,1,0,0,0
2026-09-02 06:26:44,2054.2,21.6,22.0,47.8,50.0,1,0,0,0
2026-09-02 06:26:46,2056.2,21.6,22.0,47.8,50.0,1,0,0,0
2026-09-02 06:26:48,2058.2,21.6,22.0,47.8,50.0,1,0,0,0
2026-09-02 06:26:50,2060.2,21.6,22.0,47.8,50.0,1,0,0,0
2026-09-02 06:26:52,2062.2,21.7,22.0,47.8,50.0,1,0,0,0
2026-09-02 06:26:54,2064.2,21.7,22.0,47.8,50.0,1,0,0,0
2026-09-02 06:26:56,2066.2,21.7,22.0,47.8,50.0,1,0,0,0
2026-09-02 06:26:58,2068.2,21.7,22.0,47.8,50.0,1,0,0,0
2026-09-02 06:27:00,2070.2,21.7,22.0,47.8,50.0,1,0,0,0
2026-09-02 06:27:02,2072.2,21.7,22.0,47.8,50.0,1,0,0,0
2026-09-02 06:27:04,2074.2,21.7,22.0,47.8,50.0,1,0,0,0
2026-09-02 06:27:06,2076.2,21.7,22.0,47.8,50.0,1,0,0,0
2026-09-02 06:27:08,2078.2,21.7,22.0,47.8,50.0,1,0,0,0
2026-09-02 06:27:10,2080.2,21.7,22.0,47.8,50.0,1,0,0,0
2026-09-02 06:27:12,2082.2,21.7,22.0,47.8,50.0,1,0,0,0
2026-09-02 06:27:14,2084.2,21.7,22.0,47.8,50.0,1,0,0,0
2026-09-02 06:27:16,2086.3,21.7,22.0,47.8,50.0,1,0,0,0
2026-09-02 06:27:18,2088.3,21.7,22.0,47.8,50.0,1,0,0,0
2026-09-02 06:27:20,2090.3,21.7,22.0,47.8,50.0,1,0,0,0
2026-09-02 06:27:22,2092.3,21.7,22.0,47.7,50.0,1,0,0,0
2026-09-02 06:27:24,2094.3,21.7,22.0,47.7,50.0,1,0,0,0
2026-09-02 06:27:26,2096.3,21.7,22.0,47.7,50.0,1,0,0,0
2026-09-02 06:27:28,2098.3,21.7,22.0,47.7,50.0,1,0,0,0
2026-09-02 06:27:30,2100.3,21.7,22.0,47.7,50.0,1,0,0,0
2026-09-02 06:27:32,2102.3,21.7,22.0,47.7,50.0,1,0,0,0
2026-09-02 06:27:34,2104.3,21.7,22.0,47.7,50.0,1,0,0,0
2026-09-02 06:27:36,2106.3,21.8,22.0,47.7,50.0,1,0,0,0
2026-09-02 06:27:38,2108.3,21.8,22.0,47.7,50.0,1,0,0,0
2026-09-02 06:27:40,2110.3,21.8,22.0,47.7,50.0,1,0,0,0
2026-09-02 06:27:42,2112.3,21.8,22.0,47.7,50.0,1,0,0,0
2026-09-02 06:27:44,2114.3,21.8,22.0,47.7,50.0,1,0,0,0
2026-09-02 06:27:46,2116.4,21.8,22.0,47.7,50.0,1,0,0,0
2026-09-02 06:27:48,2118.4,21.8,22.0,47.7,50.0,1,0,0,0
2026-09-02 06:27:50,2120.4,21.8,22.0,47.7,50.0,1,0,0,0
2026-09-02 06:27:52,2122.4,21.8,22.0,47.7,50.0,1,0,0,0
2026-09-02 06:27:54,2124.4,21.8,22.0,47.7,50.0,1,0,0,0
2026-09-02 06:27:56,2126.4,21.8,22.0,47.7,50.0,1,0,0,0
2026-09-02 06:27:58,2128.4,21.8,22.0,47.6,50.0,1,0,0,0
2026-09-02 06:28:00,2130.4,21.8,22.0,47.7,50.0,1,0,0,0
2026-09-02 06:28:02,2132.4,21.8,22.0,47.6,50.0,1,0,0,0
2026-09-02 06:28:04,2134.4,21.8,22.0,47.6,50.0,1,0,0,0
2026-09-02 06:28:06,2136.4,21.8,22.0,47.6,50.0,1,0,0,0
2026-09-02 06:28:08,2138.4,21.8,22.0,47.6,50.0,1,0,0,0
2026-09-02 06:28:10,2140.4,21.8,22.0,47.6,50.0,1,0,0,0
2026-09-02 06:28:12,2142.4,21.8,22.0,47.6,50.0,1,0,0,0
2026-09-02 06:28:14,2144.4,21.8,22.0,47.6,50.0,1,0,0,0
2026-09-02 06:28:16,2146.5,21.8,22.0,47.6,50.0,1,0,0,0
2026-09-02 06:28:18,2148.5,21.8,22.0,47.6,50.0,1,0,0,0
2026-09-02 06:28:20,2150.5,21.8,22.0,47.6,50.0,1,0,0,0
2026-09-02 06:28:22,2152.5,21.8,22.0,47.6,50.0,1,0,0,0
2026-09-02 06:28:24,2154.5,21.8,22.0,47.6,50.0,1,0,0,0
2026-09-02 06:28:26,2156.5,21.8,22.0,47.6,50.0,1,0,0,0
2026-09-02 06:28:28,2158.5,21.9,22.0,47.6,50.0,1,0,0,0
2026-09-02 06:28:30,2160.5,21.9,22.0,47.6,50.0,1,0,0,0
2026-09-02 06:28:32,2162.5,21.9,22.0,47.6,50.0,1,0,0,0
2026-09-02 06:28:34,2164.5,21.9,22.0,47.6,50.0,1,0,0,0
2026-09-02 06:28:36,2166.5,21.9,22.0,47.6,50.0,1,0,0,0
2026-09-02 06:28:38,2168.5,21.9,22.0,47.6,50.0,1,0,0,0
2026-09-02 06:28:40,2170.5,21.9,22.0,47.6,50.0,1,0,0,0
2026-09-02 06:28:42,2172.5,21.9,22.0,47.6,50.0,1,0,0,0
2026-09-02 06:28:44,2174.5,21.9,22.0,47.7,50.0,1,0,0,0
2026-09-02 06:28:46,2176.5,21.9,22.0,47.7,50.0,1,0,0,0
2026-09-02 06:28:48,2178.6,21.9,22.0,47.6,50.0,1,0,0,0
2026-09-02 06:28:50,2180.6,21.9,22.0,47.6,50.0,1,0,0,0
2026-09-02 06:28:52,2182.6,21.9,22.0,47.7,50.0,1,0,0,0
2026-09-02 06:28:54,2184.6,21.9,22.0,47.6,50.0,1,0,0,0
2026-09-02 06:28:56,2186.6,21.9,22.0,47.7,50.0,1,0,0,0
2026-09-02 06:28:58,2188.6,21.9,22.0,47.6,50.0,1,0,0,0
2026-09-02 06:29:00,2190.6,21.9,22.0,47.6,50.0,1,0,0,0
2026-09-02 06:29:02,2192.6,21.9,22.0,47.6,50.0,1,0,0,0
2026-09-02 06:29:04,2194.6,21.9,22.0,47.7,50.0,1,0,0,0
2026-09-02 06:29:06,2196.6,21.9,22.0,47.7,50.0,1,0,0,0
2026-09-02 06:29:08,2198.6,21.9,22.0,47.7,50.0,1,0,0,0
2026-09-02 06:29:10,2200.6,21.9,22.0,47.7,50.0,1,0,0,0
2026-09-02 06:29:12,2202.6,21.9,22.0,47.7,50.0,1,0,0,0
2026-09-02 06:29:14,2204.6,21.9,22.0,47.7,50.0,1,0,0,0
2026-09-02 06:29:16,2206.6,22.0,22.0,47.8,50.0,1,0,0,0
2026-09-02 06:29:18,2208.7,22.0,22.0,47.8,50.0,1,0,0,0
2026-09-02 06:29:20,2210.7,22.0,22.0,47.8,50.0,1,0,0,0
2026-09-02 06:29:22,2212.7,22.0,22.0,47.8,50.0,1,0,0,0
2026-09-02 06:29:24,2214.7,22.0,22.0,47.8,50.0,1,0,0,0
2026-09-02 06:29:26,2216.7,22.0,22.0,47.8,50.0,1,0,0,0
2026-09-02 06:29:28,2218.7,22.0,22.0,47.9,50.0,1,0,0,0
2026-09-02 06:29:30,2220.7,22.0,22.0,48.0,50.0,1,0,0,0
2026-09-02 06:29:32,2222.7,22.0,22.0,48.0,50.0,1,0,0,0
2026-09-02 06:29:34,2224.7,22.0,22.0,48.1,50.0,1,0,0,0
2026-09-02 06:29:36,2226.7,22.0,22.0,48.1,50.0,1,0,0,0
2026-09-02 06:29:38,2228.7,22.0,22.0,48.1,50.0,1,0,0,0
2026-09-02 06:29:40,2230.7,22.0,22.0,48.1,50.0,1,0,0,0
2026-09-02 06:29:42,2232.7,22.0,22.0,48.1,50.0,1,0,0,0
2026-09-02 06:29:44,2234.7,22.0,22.0,48.2,50.0,1,0,0,0
2026-09-02 06:29:46,2236.7,22.0,22.0,48.2,50.0,1,0,0,0
2026-09-02 06:29:48,2238.8,22.0,22.0,48.2,50.0,1,0,0,0
2026-09-02 06:29:50,2240.8,22.0,22.0,48.2,50.0,1,0,0,0
2026-09-02 06:29:52,2242.8,22.0,22.0,48.1,50.0,1,0,0,0
2026-09-02 06:29:54,2244.8,22.0,22.0,48.1,50.0,1,0,0,0
2026-09-02 06:29:56,2246.8,22.0,22.0,48.1,50.0,1,0,0,0
2026-09-02 06:29:58,2248.8,22.0,22.0,48.1,50.0,1,0,0,0
2026-09-02 06:30:00,2250.8,22.0,22.0,48.2,50.0,1,0,0,0
2026-09-02 06:30:02,2252.8,22.0,22.0,48.1,50.0,1,0,0,0
2026-09-02 06:30:04,2254.8,22.0,22.0,48.1,50.0,1,0,0,0
2026-09-02 06:30:06,2256.8,22.0,22.0,48.1,50.0,1,0,0,0
2026-09-02 06:30:08,2258.8,22.0,22.0,48.1,50.0,1,0,0,0
2026-09-02 06:30:10,2260.8,22.0,22.0,48.1,50.0,1,0,0,0
2026-09-02 06:30:12,2262.8,22.0,22.0,48.1,50.0,1,0,0,0
2026-09-02 06:30:14,2264.8,22.0,22.0,48.1,50.0,1,0,0,0
2026-09-02 06:30:16,2266.8,22.1,22.0,48.2,50.0,1,0,0,0
2026-09-02 06:30:18,2268.8,22.1,22.0,48.1,50.0,1,0,0,0
2026-09-02 06:30:20,2270.9,22.1,22.0,48.2,50.0,1,0,0,0
2026-09-02 06:30:22,2272.9,22.1,22.0,48.2,50.0,1,0,0,0
2026-09-02 06:30:24,2274.9,22.1,22.0,48.2,50.0,1,0,0,0
2026-09-02 06:30:26,2276.9,22.1,22.0,48.1,50.0,1,0,0,0
2026-09-02 06:30:28,2278.9,22.1,22.0,48.1,50.0,1,0,0,0
2026-09-02 06:30:30,2280.9,22.1,22.0,48.1,50.0,1,0,0,0
2026-09-02 06:30:32,2282.9,22.1,22.0,48.1,50.0,1,0,0,0
2026-09-02 06:30:34,2284.9,22.1,22.0,48.1,50.0,1,0,0,0
2026-09-02 06:30:36,2286.9,22.1,22.0,48.1,50.0,1,0,0,0
2026-09-02 06:30:38,2288.9,22.1,22.0,48.1,50.0,1,0,0,0
2026-09-02 06:30:40,2290.9,22.1,22.0,48.1,50.0,1,0,0,0
2026-09-02 06:30:43,2292.9,22.1,22.0,48.1,50.0,1,0,0,0
2026-09-02 06:30:45,2294.9,22.1,22.0,48.1,50.0,1,0,0,0
2026-09-02 06:30:47,2296.9,22.1,22.0,48.1,50.0,1,0,0,0
2026-09-02 06:30:49,2298.9,22.1,22.0,48.1,50.0,1,0,0,0
2026-09-02 06:30:51,2301.0,22.1,22.0,48.2,50.0,1,0,0,0
2026-09-02 06:30:53,2303.0,22.1,22.0,48.2,50.0,1,0,0,0
2026-09-02 06:30:55,2305.0,22.1,22.0,48.2,50.0,1,0,0,0
2026-09-02 06:30:57,2307.0,22.1,22.0,48.2,50.0,1,0,0,0
